{"metadata":{"kernel_spec":{"name":"SQL","language":"sql","display_name":"SQL"},"language_info":{"name":"sql","version":""}},"nbformat":4,"nbformat_minor":2,"cells":[{"cell_type":"markdown","source":["# [KitaUser]"],"metadata":{"urn":"Server[@Name='DESKTOP-NFCHAKP']/Database[@Name='KitaDB']/User[@Name='KitaUser']","object_type":"User"}},{"outputs":[],"execution_count":0,"cell_type":"code","source":["USE [KitaDB]\r\n","GO\r\n"],"metadata":{"urn":"Server[@Name='DESKTOP-NFCHAKP']/Database[@Name='KitaDB']/User[@Name='KitaUser']","object_type":"User"}},{"outputs":[],"execution_count":0,"cell_type":"code","source":["/****** Object:  User [KitaUser]    Script Date: 11/05/2025 3:50:33 ******/\r\nCREATE USER [KitaUser] FOR LOGIN [KitaLogin] WITH DEFAULT_SCHEMA=[dbo]\r\n","GO\r\n"],"metadata":{"urn":"Server[@Name='DESKTOP-NFCHAKP']/Database[@Name='KitaDB']/User[@Name='KitaUser']","object_type":"User"}},{"outputs":[],"execution_count":0,"cell_type":"code","source":["ALTER ROLE [db_owner] ADD MEMBER [KitaUser]\r\n","GO\r\n"],"metadata":{"urn":"Server[@Name='DESKTOP-NFCHAKP']/Database[@Name='KitaDB']/User[@Name='KitaUser']","object_type":"User"}},{"cell_type":"markdown","source":["# [dbo].[__EFMigrationsHistory]"],"metadata":{"urn":"Server[@Name='DESKTOP-NFCHAKP']/Database[@Name='KitaDB']/Table[@Name='__EFMigrationsHistory' and @Schema='dbo']","object_type":"Table"}},{"outputs":[],"execution_count":0,"cell_type":"code","source":["/****** Object:  Table [dbo].[__EFMigrationsHistory]    Script Date: 11/05/2025 3:50:33 ******/\r\nSET ANSI_NULLS ON\r\n","GO\r\n","SET QUOTED_IDENTIFIER ON\r\n","GO\r\n","CREATE TABLE [dbo].[__EFMigrationsHistory](\r\n\t[MigrationId] [nvarchar](150) NOT NULL,\r\n\t[ProductVersion] [nvarchar](32) NOT NULL,\r\n CONSTRAINT [PK___EFMigrationsHistory] PRIMARY KEY CLUSTERED \r\n(\r\n\t[MigrationId] ASC\r\n)WITH (PAD_INDEX = OFF, STATISTICS_NORECOMPUTE = OFF, IGNORE_DUP_KEY = OFF, ALLOW_ROW_LOCKS = ON, ALLOW_PAGE_LOCKS = ON, OPTIMIZE_FOR_SEQUENTIAL_KEY = OFF) ON [PRIMARY]\r\n) ON [PRIMARY]\r\nGO\r\n"],"metadata":{"urn":"Server[@Name='DESKTOP-NFCHAKP']/Database[@Name='KitaDB']/Table[@Name='__EFMigrationsHistory' and @Schema='dbo']","object_type":"Table"}},{"cell_type":"markdown","source":["# [dbo].[Addresses]"],"metadata":{"urn":"Server[@Name='DESKTOP-NFCHAKP']/Database[@Name='KitaDB']/Table[@Name='Addresses' and @Schema='dbo']","object_type":"Table"}},{"outputs":[],"execution_count":0,"cell_type":"code","source":["/****** Object:  Table [dbo].[Addresses]    Script Date: 11/05/2025 3:50:34 ******/\r\nSET ANSI_NULLS ON\r\n","GO\r\n","SET QUOTED_IDENTIFIER ON\r\n","GO\r\n","CREATE TABLE [dbo].[Addresses](\r\n\t[Id] [int] IDENTITY(1,1) NOT NULL,\r\n\t[Street] [nvarchar](max) NOT NULL,\r\n\t[StreetNumber] [nvarchar](max) NOT NULL,\r\n\t[PostalCode] [nvarchar](max) NOT NULL,\r\n\t[City] [nvarchar](max) NOT NULL,\r\n\t[Country] [nvarchar](max) NOT NULL,\r\n\t[IsPrimaryResidence] [bit] NOT NULL,\r\n\t[UserId] [int] NOT NULL,\r\n CONSTRAINT [PK_Addresses] PRIMARY KEY CLUSTERED \r\n(\r\n\t[Id] ASC\r\n)WITH (PAD_INDEX = OFF, STATISTICS_NORECOMPUTE = OFF, IGNORE_DUP_KEY = OFF, ALLOW_ROW_LOCKS = ON, ALLOW_PAGE_LOCKS = ON, OPTIMIZE_FOR_SEQUENTIAL_KEY = OFF) ON [PRIMARY]\r\n) ON [PRIMARY] TEXTIMAGE_ON [PRIMARY]\r\nGO\r\n"],"metadata":{"urn":"Server[@Name='DESKTOP-NFCHAKP']/Database[@Name='KitaDB']/Table[@Name='Addresses' and @Schema='dbo']","object_type":"Table"}},{"cell_type":"markdown","source":["# [dbo].[AspNetRoleClaims]"],"metadata":{"urn":"Server[@Name='DESKTOP-NFCHAKP']/Database[@Name='KitaDB']/Table[@Name='AspNetRoleClaims' and @Schema='dbo']","object_type":"Table"}},{"outputs":[],"execution_count":0,"cell_type":"code","source":["/****** Object:  Table [dbo].[AspNetRoleClaims]    Script Date: 11/05/2025 3:50:34 ******/\r\nSET ANSI_NULLS ON\r\n","GO\r\n","SET QUOTED_IDENTIFIER ON\r\n","GO\r\n","CREATE TABLE [dbo].[AspNetRoleClaims](\r\n\t[Id] [int] IDENTITY(1,1) NOT NULL,\r\n\t[RoleId] [int] NOT NULL,\r\n\t[ClaimType] [nvarchar](max) NULL,\r\n\t[ClaimValue] [nvarchar](max) NULL,\r\n CONSTRAINT [PK_AspNetRoleClaims] PRIMARY KEY CLUSTERED \r\n(\r\n\t[Id] ASC\r\n)WITH (PAD_INDEX = OFF, STATISTICS_NORECOMPUTE = OFF, IGNORE_DUP_KEY = OFF, ALLOW_ROW_LOCKS = ON, ALLOW_PAGE_LOCKS = ON, OPTIMIZE_FOR_SEQUENTIAL_KEY = OFF) ON [PRIMARY]\r\n) ON [PRIMARY] TEXTIMAGE_ON [PRIMARY]\r\nGO\r\n"],"metadata":{"urn":"Server[@Name='DESKTOP-NFCHAKP']/Database[@Name='KitaDB']/Table[@Name='AspNetRoleClaims' and @Schema='dbo']","object_type":"Table"}},{"cell_type":"markdown","source":["# [dbo].[AspNetRoles]"],"metadata":{"urn":"Server[@Name='DESKTOP-NFCHAKP']/Database[@Name='KitaDB']/Table[@Name='AspNetRoles' and @Schema='dbo']","object_type":"Table"}},{"outputs":[],"execution_count":0,"cell_type":"code","source":["/****** Object:  Table [dbo].[AspNetRoles]    Script Date: 11/05/2025 3:50:34 ******/\r\nSET ANSI_NULLS ON\r\n","GO\r\n","SET QUOTED_IDENTIFIER ON\r\n","GO\r\n","CREATE TABLE [dbo].[AspNetRoles](\r\n\t[Id] [int] IDENTITY(1,1) NOT NULL,\r\n\t[Name] [nvarchar](256) NULL,\r\n\t[NormalizedName] [nvarchar](256) NULL,\r\n\t[ConcurrencyStamp] [nvarchar](max) NULL,\r\n CONSTRAINT [PK_AspNetRoles] PRIMARY KEY CLUSTERED \r\n(\r\n\t[Id] ASC\r\n)WITH (PAD_INDEX = OFF, STATISTICS_NORECOMPUTE = OFF, IGNORE_DUP_KEY = OFF, ALLOW_ROW_LOCKS = ON, ALLOW_PAGE_LOCKS = ON, OPTIMIZE_FOR_SEQUENTIAL_KEY = OFF) ON [PRIMARY]\r\n) ON [PRIMARY] TEXTIMAGE_ON [PRIMARY]\r\nGO\r\n"],"metadata":{"urn":"Server[@Name='DESKTOP-NFCHAKP']/Database[@Name='KitaDB']/Table[@Name='AspNetRoles' and @Schema='dbo']","object_type":"Table"}},{"cell_type":"markdown","source":["# [dbo].[AspNetUserClaims]"],"metadata":{"urn":"Server[@Name='DESKTOP-NFCHAKP']/Database[@Name='KitaDB']/Table[@Name='AspNetUserClaims' and @Schema='dbo']","object_type":"Table"}},{"outputs":[],"execution_count":0,"cell_type":"code","source":["/****** Object:  Table [dbo].[AspNetUserClaims]    Script Date: 11/05/2025 3:50:34 ******/\r\nSET ANSI_NULLS ON\r\n","GO\r\n","SET QUOTED_IDENTIFIER ON\r\n","GO\r\n","CREATE TABLE [dbo].[AspNetUserClaims](\r\n\t[Id] [int] IDENTITY(1,1) NOT NULL,\r\n\t[UserId] [int] NOT NULL,\r\n\t[ClaimType] [nvarchar](max) NULL,\r\n\t[ClaimValue] [nvarchar](max) NULL,\r\n CONSTRAINT [PK_AspNetUserClaims] PRIMARY KEY CLUSTERED \r\n(\r\n\t[Id] ASC\r\n)WITH (PAD_INDEX = OFF, STATISTICS_NORECOMPUTE = OFF, IGNORE_DUP_KEY = OFF, ALLOW_ROW_LOCKS = ON, ALLOW_PAGE_LOCKS = ON, OPTIMIZE_FOR_SEQUENTIAL_KEY = OFF) ON [PRIMARY]\r\n) ON [PRIMARY] TEXTIMAGE_ON [PRIMARY]\r\nGO\r\n"],"metadata":{"urn":"Server[@Name='DESKTOP-NFCHAKP']/Database[@Name='KitaDB']/Table[@Name='AspNetUserClaims' and @Schema='dbo']","object_type":"Table"}},{"cell_type":"markdown","source":["# [dbo].[AspNetUserLogins]"],"metadata":{"urn":"Server[@Name='DESKTOP-NFCHAKP']/Database[@Name='KitaDB']/Table[@Name='AspNetUserLogins' and @Schema='dbo']","object_type":"Table"}},{"outputs":[],"execution_count":0,"cell_type":"code","source":["/****** Object:  Table [dbo].[AspNetUserLogins]    Script Date: 11/05/2025 3:50:34 ******/\r\nSET ANSI_NULLS ON\r\n","GO\r\n","SET QUOTED_IDENTIFIER ON\r\n","GO\r\n","CREATE TABLE [dbo].[AspNetUserLogins](\r\n\t[LoginProvider] [nvarchar](450) NOT NULL,\r\n\t[ProviderKey] [nvarchar](450) NOT NULL,\r\n\t[ProviderDisplayName] [nvarchar](max) NULL,\r\n\t[UserId] [int] NOT NULL,\r\n CONSTRAINT [PK_AspNetUserLogins] PRIMARY KEY CLUSTERED \r\n(\r\n\t[LoginProvider] ASC,\r\n\t[ProviderKey] ASC\r\n)WITH (PAD_INDEX = OFF, STATISTICS_NORECOMPUTE = OFF, IGNORE_DUP_KEY = OFF, ALLOW_ROW_LOCKS = ON, ALLOW_PAGE_LOCKS = ON, OPTIMIZE_FOR_SEQUENTIAL_KEY = OFF) ON [PRIMARY]\r\n) ON [PRIMARY] TEXTIMAGE_ON [PRIMARY]\r\nGO\r\n"],"metadata":{"urn":"Server[@Name='DESKTOP-NFCHAKP']/Database[@Name='KitaDB']/Table[@Name='AspNetUserLogins' and @Schema='dbo']","object_type":"Table"}},{"cell_type":"markdown","source":["# [dbo].[AspNetUserRoles]"],"metadata":{"urn":"Server[@Name='DESKTOP-NFCHAKP']/Database[@Name='KitaDB']/Table[@Name='AspNetUserRoles' and @Schema='dbo']","object_type":"Table"}},{"outputs":[],"execution_count":0,"cell_type":"code","source":["/****** Object:  Table [dbo].[AspNetUserRoles]    Script Date: 11/05/2025 3:50:34 ******/\r\nSET ANSI_NULLS ON\r\n","GO\r\n","SET QUOTED_IDENTIFIER ON\r\n","GO\r\n","CREATE TABLE [dbo].[AspNetUserRoles](\r\n\t[UserId] [int] NOT NULL,\r\n\t[RoleId] [int] NOT NULL,\r\n CONSTRAINT [PK_AspNetUserRoles] PRIMARY KEY CLUSTERED \r\n(\r\n\t[UserId] ASC,\r\n\t[RoleId] ASC\r\n)WITH (PAD_INDEX = OFF, STATISTICS_NORECOMPUTE = OFF, IGNORE_DUP_KEY = OFF, ALLOW_ROW_LOCKS = ON, ALLOW_PAGE_LOCKS = ON, OPTIMIZE_FOR_SEQUENTIAL_KEY = OFF) ON [PRIMARY]\r\n) ON [PRIMARY]\r\nGO\r\n"],"metadata":{"urn":"Server[@Name='DESKTOP-NFCHAKP']/Database[@Name='KitaDB']/Table[@Name='AspNetUserRoles' and @Schema='dbo']","object_type":"Table"}},{"cell_type":"markdown","source":["# [dbo].[AspNetUsers]"],"metadata":{"urn":"Server[@Name='DESKTOP-NFCHAKP']/Database[@Name='KitaDB']/Table[@Name='AspNetUsers' and @Schema='dbo']","object_type":"Table"}},{"outputs":[],"execution_count":0,"cell_type":"code","source":["/****** Object:  Table [dbo].[AspNetUsers]    Script Date: 11/05/2025 3:50:34 ******/\r\nSET ANSI_NULLS ON\r\n","GO\r\n","SET QUOTED_IDENTIFIER ON\r\n","GO\r\n","CREATE TABLE [dbo].[AspNetUsers](\r\n\t[Id] [int] IDENTITY(1,1) NOT NULL,\r\n\t[Name] [nvarchar](max) NOT NULL,\r\n\t[Surname] [nvarchar](max) NOT NULL,\r\n\t[DateOfBirth] [date] NOT NULL,\r\n\t[KnownAs] [nvarchar](max) NOT NULL,\r\n\t[Created] [datetime2](7) NOT NULL,\r\n\t[LastActive] [datetime2](7) NOT NULL,\r\n\t[Gender] [nvarchar](max) NOT NULL,\r\n\t[City] [nvarchar](max) NULL,\r\n\t[Country] [nvarchar](max) NULL,\r\n\t[Introduction] [nvarchar](max) NULL,\r\n\t[Interests] [nvarchar](max) NULL,\r\n\t[TutorId] [int] NULL,\r\n\t[UserName] [nvarchar](256) NULL,\r\n\t[NormalizedUserName] [nvarchar](256) NULL,\r\n\t[Email] [nvarchar](256) NULL,\r\n\t[NormalizedEmail] [nvarchar](256) NULL,\r\n\t[EmailConfirmed] [bit] NOT NULL,\r\n\t[PasswordHash] [nvarchar](max) NULL,\r\n\t[SecurityStamp] [nvarchar](max) NULL,\r\n\t[ConcurrencyStamp] [nvarchar](max) NULL,\r\n\t[PhoneNumber] [nvarchar](max) NULL,\r\n\t[PhoneNumberConfirmed] [bit] NOT NULL,\r\n\t[TwoFactorEnabled] [bit] NOT NULL,\r\n\t[LockoutEnd] [datetimeoffset](7) NULL,\r\n\t[LockoutEnabled] [bit] NOT NULL,\r\n\t[AccessFailedCount] [int] NOT NULL,\r\n\t[CanSendMessages] [bit] NOT NULL,\r\n CONSTRAINT [PK_AspNetUsers] PRIMARY KEY CLUSTERED \r\n(\r\n\t[Id] ASC\r\n)WITH (PAD_INDEX = OFF, STATISTICS_NORECOMPUTE = OFF, IGNORE_DUP_KEY = OFF, ALLOW_ROW_LOCKS = ON, ALLOW_PAGE_LOCKS = ON, OPTIMIZE_FOR_SEQUENTIAL_KEY = OFF) ON [PRIMARY]\r\n) ON [PRIMARY] TEXTIMAGE_ON [PRIMARY]\r\nGO\r\n"],"metadata":{"urn":"Server[@Name='DESKTOP-NFCHAKP']/Database[@Name='KitaDB']/Table[@Name='AspNetUsers' and @Schema='dbo']","object_type":"Table"}},{"cell_type":"markdown","source":["# [dbo].[AspNetUserTokens]"],"metadata":{"urn":"Server[@Name='DESKTOP-NFCHAKP']/Database[@Name='KitaDB']/Table[@Name='AspNetUserTokens' and @Schema='dbo']","object_type":"Table"}},{"outputs":[],"execution_count":0,"cell_type":"code","source":["/****** Object:  Table [dbo].[AspNetUserTokens]    Script Date: 11/05/2025 3:50:34 ******/\r\nSET ANSI_NULLS ON\r\n","GO\r\n","SET QUOTED_IDENTIFIER ON\r\n","GO\r\n","CREATE TABLE [dbo].[AspNetUserTokens](\r\n\t[UserId] [int] NOT NULL,\r\n\t[LoginProvider] [nvarchar](450) NOT NULL,\r\n\t[Name] [nvarchar](450) NOT NULL,\r\n\t[Value] [nvarchar](max) NULL,\r\n CONSTRAINT [PK_AspNetUserTokens] PRIMARY KEY CLUSTERED \r\n(\r\n\t[UserId] ASC,\r\n\t[LoginProvider] ASC,\r\n\t[Name] ASC\r\n)WITH (PAD_INDEX = OFF, STATISTICS_NORECOMPUTE = OFF, IGNORE_DUP_KEY = OFF, ALLOW_ROW_LOCKS = ON, ALLOW_PAGE_LOCKS = ON, OPTIMIZE_FOR_SEQUENTIAL_KEY = OFF) ON [PRIMARY]\r\n) ON [PRIMARY] TEXTIMAGE_ON [PRIMARY]\r\nGO\r\n"],"metadata":{"urn":"Server[@Name='DESKTOP-NFCHAKP']/Database[@Name='KitaDB']/Table[@Name='AspNetUserTokens' and @Schema='dbo']","object_type":"Table"}},{"cell_type":"markdown","source":["# [dbo].[Calendars]"],"metadata":{"urn":"Server[@Name='DESKTOP-NFCHAKP']/Database[@Name='KitaDB']/Table[@Name='Calendars' and @Schema='dbo']","object_type":"Table"}},{"outputs":[],"execution_count":0,"cell_type":"code","source":["/****** Object:  Table [dbo].[Calendars]    Script Date: 11/05/2025 3:50:34 ******/\r\nSET ANSI_NULLS ON\r\n","GO\r\n","SET QUOTED_IDENTIFIER ON\r\n","GO\r\n","CREATE TABLE [dbo].[Calendars](\r\n\t[Id] [int] IDENTITY(1,1) NOT NULL,\r\n\t[Title] [nvarchar](max) NOT NULL,\r\n\t[Description] [nvarchar](max) NULL,\r\n\t[StartDate] [datetime2](7) NOT NULL,\r\n\t[EndDate] [datetime2](7) NOT NULL,\r\n\t[IsVacation] [bit] NOT NULL,\r\n\t[IsHolidays] [bit] NOT NULL,\r\n\t[IsSickLeave] [bit] NOT NULL,\r\n\t[IsOther] [bit] NOT NULL,\r\n CONSTRAINT [PK_Calendars] PRIMARY KEY CLUSTERED \r\n(\r\n\t[Id] ASC\r\n)WITH (PAD_INDEX = OFF, STATISTICS_NORECOMPUTE = OFF, IGNORE_DUP_KEY = OFF, ALLOW_ROW_LOCKS = ON, ALLOW_PAGE_LOCKS = ON, OPTIMIZE_FOR_SEQUENTIAL_KEY = OFF) ON [PRIMARY]\r\n) ON [PRIMARY] TEXTIMAGE_ON [PRIMARY]\r\nGO\r\n"],"metadata":{"urn":"Server[@Name='DESKTOP-NFCHAKP']/Database[@Name='KitaDB']/Table[@Name='Calendars' and @Schema='dbo']","object_type":"Table"}},{"cell_type":"markdown","source":["# [dbo].[Connections]"],"metadata":{"urn":"Server[@Name='DESKTOP-NFCHAKP']/Database[@Name='KitaDB']/Table[@Name='Connections' and @Schema='dbo']","object_type":"Table"}},{"outputs":[],"execution_count":0,"cell_type":"code","source":["/****** Object:  Table [dbo].[Connections]    Script Date: 11/05/2025 3:50:34 ******/\r\nSET ANSI_NULLS ON\r\n","GO\r\n","SET QUOTED_IDENTIFIER ON\r\n","GO\r\n","CREATE TABLE [dbo].[Connections](\r\n\t[ConnectionId] [nvarchar](450) NOT NULL,\r\n\t[Username] [nvarchar](max) NOT NULL,\r\n\t[GroupName] [nvarchar](450) NULL,\r\n CONSTRAINT [PK_Connections] PRIMARY KEY CLUSTERED \r\n(\r\n\t[ConnectionId] ASC\r\n)WITH (PAD_INDEX = OFF, STATISTICS_NORECOMPUTE = OFF, IGNORE_DUP_KEY = OFF, ALLOW_ROW_LOCKS = ON, ALLOW_PAGE_LOCKS = ON, OPTIMIZE_FOR_SEQUENTIAL_KEY = OFF) ON [PRIMARY]\r\n) ON [PRIMARY] TEXTIMAGE_ON [PRIMARY]\r\nGO\r\n"],"metadata":{"urn":"Server[@Name='DESKTOP-NFCHAKP']/Database[@Name='KitaDB']/Table[@Name='Connections' and @Schema='dbo']","object_type":"Table"}},{"cell_type":"markdown","source":["# [dbo].[FamilyMemberPhotos]"],"metadata":{"urn":"Server[@Name='DESKTOP-NFCHAKP']/Database[@Name='KitaDB']/Table[@Name='FamilyMemberPhotos' and @Schema='dbo']","object_type":"Table"}},{"outputs":[],"execution_count":0,"cell_type":"code","source":["/****** Object:  Table [dbo].[FamilyMemberPhotos]    Script Date: 11/05/2025 3:50:34 ******/\r\nSET ANSI_NULLS ON\r\n","GO\r\n","SET QUOTED_IDENTIFIER ON\r\n","GO\r\n","CREATE TABLE [dbo].[FamilyMemberPhotos](\r\n\t[Id] [int] IDENTITY(1,1) NOT NULL,\r\n\t[FamilyMemberId] [int] NOT NULL,\r\n\t[Url] [nvarchar](max) NOT NULL,\r\n\t[IsMain] [bit] NOT NULL,\r\n\t[PublicId] [nvarchar](max) NULL,\r\n\t[IsApproved] [bit] NOT NULL,\r\n CONSTRAINT [PK_FamilyMemberPhotos] PRIMARY KEY CLUSTERED \r\n(\r\n\t[Id] ASC\r\n)WITH (PAD_INDEX = OFF, STATISTICS_NORECOMPUTE = OFF, IGNORE_DUP_KEY = OFF, ALLOW_ROW_LOCKS = ON, ALLOW_PAGE_LOCKS = ON, OPTIMIZE_FOR_SEQUENTIAL_KEY = OFF) ON [PRIMARY]\r\n) ON [PRIMARY] TEXTIMAGE_ON [PRIMARY]\r\nGO\r\n"],"metadata":{"urn":"Server[@Name='DESKTOP-NFCHAKP']/Database[@Name='KitaDB']/Table[@Name='FamilyMemberPhotos' and @Schema='dbo']","object_type":"Table"}},{"cell_type":"markdown","source":["# [dbo].[FamilyMembers]"],"metadata":{"urn":"Server[@Name='DESKTOP-NFCHAKP']/Database[@Name='KitaDB']/Table[@Name='FamilyMembers' and @Schema='dbo']","object_type":"Table"}},{"outputs":[],"execution_count":0,"cell_type":"code","source":["/****** Object:  Table [dbo].[FamilyMembers]    Script Date: 11/05/2025 3:50:34 ******/\r\nSET ANSI_NULLS ON\r\n","GO\r\n","SET QUOTED_IDENTIFIER ON\r\n","GO\r\n","CREATE TABLE [dbo].[FamilyMembers](\r\n\t[Id] [int] IDENTITY(1,1) NOT NULL,\r\n\t[FullName] [nvarchar](max) NOT NULL,\r\n\t[Email] [nvarchar](max) NULL,\r\n\t[Phone] [nvarchar](max) NOT NULL,\r\n\t[Relationship] [nvarchar](max) NULL,\r\n\t[isParent] [bit] NOT NULL,\r\n\t[UserId] [int] NOT NULL,\r\n CONSTRAINT [PK_FamilyMembers] PRIMARY KEY CLUSTERED \r\n(\r\n\t[Id] ASC\r\n)WITH (PAD_INDEX = OFF, STATISTICS_NORECOMPUTE = OFF, IGNORE_DUP_KEY = OFF, ALLOW_ROW_LOCKS = ON, ALLOW_PAGE_LOCKS = ON, OPTIMIZE_FOR_SEQUENTIAL_KEY = OFF) ON [PRIMARY]\r\n) ON [PRIMARY] TEXTIMAGE_ON [PRIMARY]\r\nGO\r\n"],"metadata":{"urn":"Server[@Name='DESKTOP-NFCHAKP']/Database[@Name='KitaDB']/Table[@Name='FamilyMembers' and @Schema='dbo']","object_type":"Table"}},{"cell_type":"markdown","source":["# [dbo].[Gallery]"],"metadata":{"urn":"Server[@Name='DESKTOP-NFCHAKP']/Database[@Name='KitaDB']/Table[@Name='Gallery' and @Schema='dbo']","object_type":"Table"}},{"outputs":[],"execution_count":0,"cell_type":"code","source":["/****** Object:  Table [dbo].[Gallery]    Script Date: 11/05/2025 3:50:34 ******/\r\nSET ANSI_NULLS ON\r\n","GO\r\n","SET QUOTED_IDENTIFIER ON\r\n","GO\r\n","CREATE TABLE [dbo].[Gallery](\r\n\t[Id] [int] IDENTITY(1,1) NOT NULL,\r\n\t[Url] [nvarchar](max) NOT NULL,\r\n\t[IsMain] [bit] NOT NULL,\r\n\t[PublicId] [nvarchar](max) NULL,\r\n\t[IsApproved] [bit] NOT NULL,\r\n CONSTRAINT [PK_Gallery] PRIMARY KEY CLUSTERED \r\n(\r\n\t[Id] ASC\r\n)WITH (PAD_INDEX = OFF, STATISTICS_NORECOMPUTE = OFF, IGNORE_DUP_KEY = OFF, ALLOW_ROW_LOCKS = ON, ALLOW_PAGE_LOCKS = ON, OPTIMIZE_FOR_SEQUENTIAL_KEY = OFF) ON [PRIMARY]\r\n) ON [PRIMARY] TEXTIMAGE_ON [PRIMARY]\r\nGO\r\n"],"metadata":{"urn":"Server[@Name='DESKTOP-NFCHAKP']/Database[@Name='KitaDB']/Table[@Name='Gallery' and @Schema='dbo']","object_type":"Table"}},{"cell_type":"markdown","source":["# [dbo].[Groups]"],"metadata":{"urn":"Server[@Name='DESKTOP-NFCHAKP']/Database[@Name='KitaDB']/Table[@Name='Groups' and @Schema='dbo']","object_type":"Table"}},{"outputs":[],"execution_count":0,"cell_type":"code","source":["/****** Object:  Table [dbo].[Groups]    Script Date: 11/05/2025 3:50:34 ******/\r\nSET ANSI_NULLS ON\r\n","GO\r\n","SET QUOTED_IDENTIFIER ON\r\n","GO\r\n","CREATE TABLE [dbo].[Groups](\r\n\t[Name] [nvarchar](450) NOT NULL,\r\n CONSTRAINT [PK_Groups] PRIMARY KEY CLUSTERED \r\n(\r\n\t[Name] ASC\r\n)WITH (PAD_INDEX = OFF, STATISTICS_NORECOMPUTE = OFF, IGNORE_DUP_KEY = OFF, ALLOW_ROW_LOCKS = ON, ALLOW_PAGE_LOCKS = ON, OPTIMIZE_FOR_SEQUENTIAL_KEY = OFF) ON [PRIMARY]\r\n) ON [PRIMARY]\r\nGO\r\n"],"metadata":{"urn":"Server[@Name='DESKTOP-NFCHAKP']/Database[@Name='KitaDB']/Table[@Name='Groups' and @Schema='dbo']","object_type":"Table"}},{"cell_type":"markdown","source":["# [dbo].[MenuPhotos]"],"metadata":{"urn":"Server[@Name='DESKTOP-NFCHAKP']/Database[@Name='KitaDB']/Table[@Name='MenuPhotos' and @Schema='dbo']","object_type":"Table"}},{"outputs":[],"execution_count":0,"cell_type":"code","source":["/****** Object:  Table [dbo].[MenuPhotos]    Script Date: 11/05/2025 3:50:34 ******/\r\nSET ANSI_NULLS ON\r\n","GO\r\n","SET QUOTED_IDENTIFIER ON\r\n","GO\r\n","CREATE TABLE [dbo].[MenuPhotos](\r\n\t[Id] [int] IDENTITY(1,1) NOT NULL,\r\n\t[MenuId] [int] NOT NULL,\r\n\t[Url] [nvarchar](max) NOT NULL,\r\n\t[IsMain] [bit] NOT NULL,\r\n\t[PublicId] [nvarchar](max) NULL,\r\n\t[IsApproved] [bit] NOT NULL,\r\n CONSTRAINT [PK_MenuPhotos] PRIMARY KEY CLUSTERED \r\n(\r\n\t[Id] ASC\r\n)WITH (PAD_INDEX = OFF, STATISTICS_NORECOMPUTE = OFF, IGNORE_DUP_KEY = OFF, ALLOW_ROW_LOCKS = ON, ALLOW_PAGE_LOCKS = ON, OPTIMIZE_FOR_SEQUENTIAL_KEY = OFF) ON [PRIMARY]\r\n) ON [PRIMARY] TEXTIMAGE_ON [PRIMARY]\r\nGO\r\n"],"metadata":{"urn":"Server[@Name='DESKTOP-NFCHAKP']/Database[@Name='KitaDB']/Table[@Name='MenuPhotos' and @Schema='dbo']","object_type":"Table"}},{"cell_type":"markdown","source":["# [dbo].[Menus]"],"metadata":{"urn":"Server[@Name='DESKTOP-NFCHAKP']/Database[@Name='KitaDB']/Table[@Name='Menus' and @Schema='dbo']","object_type":"Table"}},{"outputs":[],"execution_count":0,"cell_type":"code","source":["/****** Object:  Table [dbo].[Menus]    Script Date: 11/05/2025 3:50:34 ******/\r\nSET ANSI_NULLS ON\r\n","GO\r\n","SET QUOTED_IDENTIFIER ON\r\n","GO\r\n","CREATE TABLE [dbo].[Menus](\r\n\t[Id] [int] IDENTITY(1,1) NOT NULL,\r\n\t[Title] [nvarchar](max) NOT NULL,\r\n\t[Description] [nvarchar](max) NULL,\r\n\t[TypeFoodId] [int] NOT NULL,\r\n\t[DayOfWeek] [int] NOT NULL,\r\n\t[Date] [datetime2](7) NULL,\r\n\t[IsActive] [bit] NOT NULL,\r\n\t[ImageName] [nvarchar](max) NULL,\r\n CONSTRAINT [PK_Menus] PRIMARY KEY CLUSTERED \r\n(\r\n\t[Id] ASC\r\n)WITH (PAD_INDEX = OFF, STATISTICS_NORECOMPUTE = OFF, IGNORE_DUP_KEY = OFF, ALLOW_ROW_LOCKS = ON, ALLOW_PAGE_LOCKS = ON, OPTIMIZE_FOR_SEQUENTIAL_KEY = OFF) ON [PRIMARY]\r\n) ON [PRIMARY] TEXTIMAGE_ON [PRIMARY]\r\nGO\r\n"],"metadata":{"urn":"Server[@Name='DESKTOP-NFCHAKP']/Database[@Name='KitaDB']/Table[@Name='Menus' and @Schema='dbo']","object_type":"Table"}},{"cell_type":"markdown","source":["# [dbo].[Messages]"],"metadata":{"urn":"Server[@Name='DESKTOP-NFCHAKP']/Database[@Name='KitaDB']/Table[@Name='Messages' and @Schema='dbo']","object_type":"Table"}},{"outputs":[],"execution_count":0,"cell_type":"code","source":["/****** Object:  Table [dbo].[Messages]    Script Date: 11/05/2025 3:50:34 ******/\r\nSET ANSI_NULLS ON\r\n","GO\r\n","SET QUOTED_IDENTIFIER ON\r\n","GO\r\n","CREATE TABLE [dbo].[Messages](\r\n\t[Id] [int] IDENTITY(1,1) NOT NULL,\r\n\t[SenderId] [int] NOT NULL,\r\n\t[SenderUsername] [nvarchar](max) NOT NULL,\r\n\t[RecipientId] [int] NOT NULL,\r\n\t[RecipientUsername] [nvarchar](max) NOT NULL,\r\n\t[Content] [nvarchar](max) NOT NULL,\r\n\t[DateRead] [datetime2](7) NULL,\r\n\t[MessageSent] [datetime2](7) NOT NULL,\r\n\t[SenderDeleted] [bit] NOT NULL,\r\n\t[RecipientDeleted] [bit] NOT NULL,\r\n CONSTRAINT [PK_Messages] PRIMARY KEY CLUSTERED \r\n(\r\n\t[Id] ASC\r\n)WITH (PAD_INDEX = OFF, STATISTICS_NORECOMPUTE = OFF, IGNORE_DUP_KEY = OFF, ALLOW_ROW_LOCKS = ON, ALLOW_PAGE_LOCKS = ON, OPTIMIZE_FOR_SEQUENTIAL_KEY = OFF) ON [PRIMARY]\r\n) ON [PRIMARY] TEXTIMAGE_ON [PRIMARY]\r\nGO\r\n"],"metadata":{"urn":"Server[@Name='DESKTOP-NFCHAKP']/Database[@Name='KitaDB']/Table[@Name='Messages' and @Schema='dbo']","object_type":"Table"}},{"cell_type":"markdown","source":["# [dbo].[Notifications]"],"metadata":{"urn":"Server[@Name='DESKTOP-NFCHAKP']/Database[@Name='KitaDB']/Table[@Name='Notifications' and @Schema='dbo']","object_type":"Table"}},{"outputs":[],"execution_count":0,"cell_type":"code","source":["/****** Object:  Table [dbo].[Notifications]    Script Date: 11/05/2025 3:50:34 ******/\r\nSET ANSI_NULLS ON\r\n","GO\r\n","SET QUOTED_IDENTIFIER ON\r\n","GO\r\n","CREATE TABLE [dbo].[Notifications](\r\n\t[Id] [int] IDENTITY(1,1) NOT NULL,\r\n\t[Description] [nvarchar](max) NOT NULL,\r\n CONSTRAINT [PK_Notifications] PRIMARY KEY CLUSTERED \r\n(\r\n\t[Id] ASC\r\n)WITH (PAD_INDEX = OFF, STATISTICS_NORECOMPUTE = OFF, IGNORE_DUP_KEY = OFF, ALLOW_ROW_LOCKS = ON, ALLOW_PAGE_LOCKS = ON, OPTIMIZE_FOR_SEQUENTIAL_KEY = OFF) ON [PRIMARY]\r\n) ON [PRIMARY] TEXTIMAGE_ON [PRIMARY]\r\nGO\r\n"],"metadata":{"urn":"Server[@Name='DESKTOP-NFCHAKP']/Database[@Name='KitaDB']/Table[@Name='Notifications' and @Schema='dbo']","object_type":"Table"}},{"cell_type":"markdown","source":["# [dbo].[TutorPhotos]"],"metadata":{"urn":"Server[@Name='DESKTOP-NFCHAKP']/Database[@Name='KitaDB']/Table[@Name='TutorPhotos' and @Schema='dbo']","object_type":"Table"}},{"outputs":[],"execution_count":0,"cell_type":"code","source":["/****** Object:  Table [dbo].[TutorPhotos]    Script Date: 11/05/2025 3:50:34 ******/\r\nSET ANSI_NULLS ON\r\n","GO\r\n","SET QUOTED_IDENTIFIER ON\r\n","GO\r\n","CREATE TABLE [dbo].[TutorPhotos](\r\n\t[Id] [int] IDENTITY(1,1) NOT NULL,\r\n\t[TutorId] [int] NOT NULL,\r\n\t[Url] [nvarchar](max) NOT NULL,\r\n\t[IsMain] [bit] NOT NULL,\r\n\t[PublicId] [nvarchar](max) NULL,\r\n\t[IsApproved] [bit] NOT NULL,\r\n CONSTRAINT [PK_TutorPhotos] PRIMARY KEY CLUSTERED \r\n(\r\n\t[Id] ASC\r\n)WITH (PAD_INDEX = OFF, STATISTICS_NORECOMPUTE = OFF, IGNORE_DUP_KEY = OFF, ALLOW_ROW_LOCKS = ON, ALLOW_PAGE_LOCKS = ON, OPTIMIZE_FOR_SEQUENTIAL_KEY = OFF) ON [PRIMARY]\r\n) ON [PRIMARY] TEXTIMAGE_ON [PRIMARY]\r\nGO\r\n"],"metadata":{"urn":"Server[@Name='DESKTOP-NFCHAKP']/Database[@Name='KitaDB']/Table[@Name='TutorPhotos' and @Schema='dbo']","object_type":"Table"}},{"cell_type":"markdown","source":["# [dbo].[Tutors]"],"metadata":{"urn":"Server[@Name='DESKTOP-NFCHAKP']/Database[@Name='KitaDB']/Table[@Name='Tutors' and @Schema='dbo']","object_type":"Table"}},{"outputs":[],"execution_count":0,"cell_type":"code","source":["/****** Object:  Table [dbo].[Tutors]    Script Date: 11/05/2025 3:50:34 ******/\r\nSET ANSI_NULLS ON\r\n","GO\r\n","SET QUOTED_IDENTIFIER ON\r\n","GO\r\n","CREATE TABLE [dbo].[Tutors](\r\n\t[Id] [int] IDENTITY(1,1) NOT NULL,\r\n\t[FullName] [nvarchar](max) NOT NULL,\r\n\t[DateOfBirth] [date] NOT NULL,\r\n\t[Email] [nvarchar](max) NULL,\r\n\t[Phone] [nvarchar](max) NULL,\r\n\t[Created] [datetime2](7) NOT NULL,\r\n\t[LastActive] [datetime2](7) NOT NULL,\r\n\t[Description] [nvarchar](max) NULL,\r\n CONSTRAINT [PK_Tutors] PRIMARY KEY CLUSTERED \r\n(\r\n\t[Id] ASC\r\n)WITH (PAD_INDEX = OFF, STATISTICS_NORECOMPUTE = OFF, IGNORE_DUP_KEY = OFF, ALLOW_ROW_LOCKS = ON, ALLOW_PAGE_LOCKS = ON, OPTIMIZE_FOR_SEQUENTIAL_KEY = OFF) ON [PRIMARY]\r\n) ON [PRIMARY] TEXTIMAGE_ON [PRIMARY]\r\nGO\r\n"],"metadata":{"urn":"Server[@Name='DESKTOP-NFCHAKP']/Database[@Name='KitaDB']/Table[@Name='Tutors' and @Schema='dbo']","object_type":"Table"}},{"cell_type":"markdown","source":["# [dbo].[UserCalendars]"],"metadata":{"urn":"Server[@Name='DESKTOP-NFCHAKP']/Database[@Name='KitaDB']/Table[@Name='UserCalendars' and @Schema='dbo']","object_type":"Table"}},{"outputs":[],"execution_count":0,"cell_type":"code","source":["/****** Object:  Table [dbo].[UserCalendars]    Script Date: 11/05/2025 3:50:34 ******/\r\nSET ANSI_NULLS ON\r\n","GO\r\n","SET QUOTED_IDENTIFIER ON\r\n","GO\r\n","CREATE TABLE [dbo].[UserCalendars](\r\n\t[UserId] [int] NOT NULL,\r\n\t[CalendarId] [int] NOT NULL,\r\n CONSTRAINT [PK_UserCalendars] PRIMARY KEY CLUSTERED \r\n(\r\n\t[UserId] ASC,\r\n\t[CalendarId] ASC\r\n)WITH (PAD_INDEX = OFF, STATISTICS_NORECOMPUTE = OFF, IGNORE_DUP_KEY = OFF, ALLOW_ROW_LOCKS = ON, ALLOW_PAGE_LOCKS = ON, OPTIMIZE_FOR_SEQUENTIAL_KEY = OFF) ON [PRIMARY]\r\n) ON [PRIMARY]\r\nGO\r\n"],"metadata":{"urn":"Server[@Name='DESKTOP-NFCHAKP']/Database[@Name='KitaDB']/Table[@Name='UserCalendars' and @Schema='dbo']","object_type":"Table"}},{"cell_type":"markdown","source":["# [dbo].[UserNotifications]"],"metadata":{"urn":"Server[@Name='DESKTOP-NFCHAKP']/Database[@Name='KitaDB']/Table[@Name='UserNotifications' and @Schema='dbo']","object_type":"Table"}},{"outputs":[],"execution_count":0,"cell_type":"code","source":["/****** Object:  Table [dbo].[UserNotifications]    Script Date: 11/05/2025 3:50:34 ******/\r\nSET ANSI_NULLS ON\r\n","GO\r\n","SET QUOTED_IDENTIFIER ON\r\n","GO\r\n","CREATE TABLE [dbo].[UserNotifications](\r\n\t[UserId] [int] NOT NULL,\r\n\t[NotificationId] [int] NOT NULL,\r\n\t[DateRead] [datetime2](7) NULL,\r\n\t[IsDone] [bit] NOT NULL,\r\n\t[NotificationSent] [datetime2](7) NULL,\r\n CONSTRAINT [PK_UserNotifications] PRIMARY KEY CLUSTERED \r\n(\r\n\t[UserId] ASC,\r\n\t[NotificationId] ASC\r\n)WITH (PAD_INDEX = OFF, STATISTICS_NORECOMPUTE = OFF, IGNORE_DUP_KEY = OFF, ALLOW_ROW_LOCKS = ON, ALLOW_PAGE_LOCKS = ON, OPTIMIZE_FOR_SEQUENTIAL_KEY = OFF) ON [PRIMARY]\r\n) ON [PRIMARY]\r\nGO\r\n"],"metadata":{"urn":"Server[@Name='DESKTOP-NFCHAKP']/Database[@Name='KitaDB']/Table[@Name='UserNotifications' and @Schema='dbo']","object_type":"Table"}},{"cell_type":"markdown","source":["# [dbo].[UserPhotos]"],"metadata":{"urn":"Server[@Name='DESKTOP-NFCHAKP']/Database[@Name='KitaDB']/Table[@Name='UserPhotos' and @Schema='dbo']","object_type":"Table"}},{"outputs":[],"execution_count":0,"cell_type":"code","source":["/****** Object:  Table [dbo].[UserPhotos]    Script Date: 11/05/2025 3:50:34 ******/\r\nSET ANSI_NULLS ON\r\n","GO\r\n","SET QUOTED_IDENTIFIER ON\r\n","GO\r\n","CREATE TABLE [dbo].[UserPhotos](\r\n\t[Id] [int] IDENTITY(1,1) NOT NULL,\r\n\t[UserId] [int] NOT NULL,\r\n\t[Url] [nvarchar](max) NOT NULL,\r\n\t[IsMain] [bit] NOT NULL,\r\n\t[PublicId] [nvarchar](max) NULL,\r\n\t[IsApproved] [bit] NOT NULL,\r\n CONSTRAINT [PK_UserPhotos] PRIMARY KEY CLUSTERED \r\n(\r\n\t[Id] ASC\r\n)WITH (PAD_INDEX = OFF, STATISTICS_NORECOMPUTE = OFF, IGNORE_DUP_KEY = OFF, ALLOW_ROW_LOCKS = ON, ALLOW_PAGE_LOCKS = ON, OPTIMIZE_FOR_SEQUENTIAL_KEY = OFF) ON [PRIMARY]\r\n) ON [PRIMARY] TEXTIMAGE_ON [PRIMARY]\r\nGO\r\n"],"metadata":{"urn":"Server[@Name='DESKTOP-NFCHAKP']/Database[@Name='KitaDB']/Table[@Name='UserPhotos' and @Schema='dbo']","object_type":"Table"}},{"cell_type":"markdown","source":["# [dbo].[__EFMigrationsHistory]"],"metadata":{"urn":"Server[@Name='DESKTOP-NFCHAKP']/Database[@Name='KitaDB']/Table[@Name='__EFMigrationsHistory' and @Schema='dbo']","object_type":"Table"}},{"outputs":[],"execution_count":0,"cell_type":"code","source":["INSERT [dbo].[__EFMigrationsHistory] ([MigrationId], [ProductVersion]) VALUES (N'20250330224318_InitialKitaAppCreate', N'9.0.2')\r\n","INSERT [dbo].[__EFMigrationsHistory] ([MigrationId], [ProductVersion]) VALUES (N'20250406213316_KitaAppAdd_User_CanSendMessages', N'9.0.2')\r\n","INSERT [dbo].[__EFMigrationsHistory] ([MigrationId], [ProductVersion]) VALUES (N'20250407085641_KitaAppAdd_User_AddNotifications', N'9.0.2')\r\n","INSERT [dbo].[__EFMigrationsHistory] ([MigrationId], [ProductVersion]) VALUES (N'20250407093000_KitaAppAdd_User_UpdateNotification_NotificationSent', N'9.0.2')\r\n","INSERT [dbo].[__EFMigrationsHistory] ([MigrationId], [ProductVersion]) VALUES (N'20250408110236_KitaAppAdd_UserNotification_AddNotificationSent', N'9.0.2')\r\n","INSERT [dbo].[__EFMigrationsHistory] ([MigrationId], [ProductVersion]) VALUES (N'20250408204503_KitaAppAdd_UserNotification_RemoveNotificationSent', N'9.0.2')\r\n","INSERT [dbo].[__EFMigrationsHistory] ([MigrationId], [ProductVersion]) VALUES (N'20250408205544_KitaAppAdd_UserNotification_AddNotificationSent', N'9.0.2')\r\n","INSERT [dbo].[__EFMigrationsHistory] ([MigrationId], [ProductVersion]) VALUES (N'20250409211604_KitaAppAdd_Menu_MenuPhoto', N'9.0.2')\r\n","INSERT [dbo].[__EFMigrationsHistory] ([MigrationId], [ProductVersion]) VALUES (N'20250409211937_KitaAppAdd_Menu_MenuPhoto', N'9.0.2')\r\n","INSERT [dbo].[__EFMigrationsHistory] ([MigrationId], [ProductVersion]) VALUES (N'20250410201022_KitaAppUpdate_Menu', N'9.0.2')\r\n","INSERT [dbo].[__EFMigrationsHistory] ([MigrationId], [ProductVersion]) VALUES (N'20250410203226_KitaAppUpdate_Menu', N'9.0.2')\r\n","INSERT [dbo].[__EFMigrationsHistory] ([MigrationId], [ProductVersion]) VALUES (N'20250410204249_KitaApp_Update_Menu', N'9.0.2')\r\n","INSERT [dbo].[__EFMigrationsHistory] ([MigrationId], [ProductVersion]) VALUES (N'20250410225123_KitaApp_Update_Menu_ImageName', N'9.0.2')\r\n","INSERT [dbo].[__EFMigrationsHistory] ([MigrationId], [ProductVersion]) VALUES (N'20250411120545_KitaApp_Add_Gallery', N'9.0.2')\r\n","GO\r\n"],"metadata":{"urn":"Server[@Name='DESKTOP-NFCHAKP']/Database[@Name='KitaDB']/Table[@Name='__EFMigrationsHistory' and @Schema='dbo']","object_type":"Table"}},{"cell_type":"markdown","source":["# [dbo].[Addresses]"],"metadata":{"urn":"Server[@Name='DESKTOP-NFCHAKP']/Database[@Name='KitaDB']/Table[@Name='Addresses' and @Schema='dbo']","object_type":"Table"}},{"outputs":[],"execution_count":0,"cell_type":"code","source":["SET IDENTITY_INSERT [dbo].[Addresses] ON \r\n","INSERT [dbo].[Addresses] ([Id], [Street], [StreetNumber], [PostalCode], [City], [Country], [IsPrimaryResidence], [UserId]) VALUES (1, N'Bay Parkway', N'72', N'45591', N'Hamburg', N'Germany', 1, 1)\r\n","INSERT [dbo].[Addresses] ([Id], [Street], [StreetNumber], [PostalCode], [City], [Country], [IsPrimaryResidence], [UserId]) VALUES (2, N'Albee Square', N'24', N'34049', N'Hamburg', N'Germany', 1, 2)\r\n","INSERT [dbo].[Addresses] ([Id], [Street], [StreetNumber], [PostalCode], [City], [Country], [IsPrimaryResidence], [UserId]) VALUES (3, N'Roosevelt Court', N'69', N'89290', N'Hamburg', N'Germany', 1, 3)\r\n","INSERT [dbo].[Addresses] ([Id], [Street], [StreetNumber], [PostalCode], [City], [Country], [IsPrimaryResidence], [UserId]) VALUES (4, N'Herbert Street', N'90', N'94911', N'Hamburg', N'Germany', 1, 4)\r\n","INSERT [dbo].[Addresses] ([Id], [Street], [StreetNumber], [PostalCode], [City], [Country], [IsPrimaryResidence], [UserId]) VALUES (5, N'Bay Street', N'83', N'79719', N'Hamburg', N'Germany', 1, 5)\r\n","INSERT [dbo].[Addresses] ([Id], [Street], [StreetNumber], [PostalCode], [City], [Country], [IsPrimaryResidence], [UserId]) VALUES (6, N'Chester Street', N'61', N'40652', N'Hamburg', N'Germany', 1, 6)\r\n","INSERT [dbo].[Addresses] ([Id], [Street], [StreetNumber], [PostalCode], [City], [Country], [IsPrimaryResidence], [UserId]) VALUES (7, N'Hinckley Place', N'80', N'62182', N'Hamburg', N'Germany', 1, 7)\r\n","INSERT [dbo].[Addresses] ([Id], [Street], [StreetNumber], [PostalCode], [City], [Country], [IsPrimaryResidence], [UserId]) VALUES (8, N'Montague Street', N'39', N'23112', N'Hamburg', N'Germany', 1, 8)\r\n","INSERT [dbo].[Addresses] ([Id], [Street], [StreetNumber], [PostalCode], [City], [Country], [IsPrimaryResidence], [UserId]) VALUES (9, N'Bartlett Street', N'98', N'57859', N'Hamburg', N'Germany', 1, 9)\r\n","INSERT [dbo].[Addresses] ([Id], [Street], [StreetNumber], [PostalCode], [City], [Country], [IsPrimaryResidence], [UserId]) VALUES (10, N'Hoyt Street', N'66', N'11708', N'Hamburg', N'Germany', 1, 10)\r\n","INSERT [dbo].[Addresses] ([Id], [Street], [StreetNumber], [PostalCode], [City], [Country], [IsPrimaryResidence], [UserId]) VALUES (11, N'Powell Street', N'43', N'72414', N'Hamburg', N'Germany', 1, 11)\r\n","INSERT [dbo].[Addresses] ([Id], [Street], [StreetNumber], [PostalCode], [City], [Country], [IsPrimaryResidence], [UserId]) VALUES (12, N'India Street', N'67', N'64213', N'Hamburg', N'Germany', 1, 12)\r\n","INSERT [dbo].[Addresses] ([Id], [Street], [StreetNumber], [PostalCode], [City], [Country], [IsPrimaryResidence], [UserId]) VALUES (13, N'Moore Street', N'49', N'16554', N'Hamburg', N'Germany', 1, 13)\r\n","INSERT [dbo].[Addresses] ([Id], [Street], [StreetNumber], [PostalCode], [City], [Country], [IsPrimaryResidence], [UserId]) VALUES (14, N'Amersfort Place', N'43', N'86327', N'Hamburg', N'Germany', 1, 14)\r\n","INSERT [dbo].[Addresses] ([Id], [Street], [StreetNumber], [PostalCode], [City], [Country], [IsPrimaryResidence], [UserId]) VALUES (15, N'Bergen Court', N'85', N'89122', N'Hamburg', N'Germany', 1, 15)\r\n","INSERT [dbo].[Addresses] ([Id], [Street], [StreetNumber], [PostalCode], [City], [Country], [IsPrimaryResidence], [UserId]) VALUES (16, N'Ross Street', N'58', N'72208', N'Hamburg', N'Germany', 1, 16)\r\n","SET IDENTITY_INSERT [dbo].[Addresses] OFF\r\n","GO\r\n"],"metadata":{"urn":"Server[@Name='DESKTOP-NFCHAKP']/Database[@Name='KitaDB']/Table[@Name='Addresses' and @Schema='dbo']","object_type":"Table"}},{"cell_type":"markdown","source":["# [dbo].[AspNetRoles]"],"metadata":{"urn":"Server[@Name='DESKTOP-NFCHAKP']/Database[@Name='KitaDB']/Table[@Name='AspNetRoles' and @Schema='dbo']","object_type":"Table"}},{"outputs":[],"execution_count":0,"cell_type":"code","source":["SET IDENTITY_INSERT [dbo].[AspNetRoles] ON \r\n","INSERT [dbo].[AspNetRoles] ([Id], [Name], [NormalizedName], [ConcurrencyStamp]) VALUES (1, N'Member', N'MEMBER', NULL)\r\n","INSERT [dbo].[AspNetRoles] ([Id], [Name], [NormalizedName], [ConcurrencyStamp]) VALUES (2, N'Admin', N'ADMIN', NULL)\r\n","INSERT [dbo].[AspNetRoles] ([Id], [Name], [NormalizedName], [ConcurrencyStamp]) VALUES (3, N'Moderator', N'MODERATOR', NULL)\r\n","SET IDENTITY_INSERT [dbo].[AspNetRoles] OFF\r\n","GO\r\n"],"metadata":{"urn":"Server[@Name='DESKTOP-NFCHAKP']/Database[@Name='KitaDB']/Table[@Name='AspNetRoles' and @Schema='dbo']","object_type":"Table"}},{"cell_type":"markdown","source":["# [dbo].[AspNetUserRoles]"],"metadata":{"urn":"Server[@Name='DESKTOP-NFCHAKP']/Database[@Name='KitaDB']/Table[@Name='AspNetUserRoles' and @Schema='dbo']","object_type":"Table"}},{"outputs":[],"execution_count":0,"cell_type":"code","source":["INSERT [dbo].[AspNetUserRoles] ([UserId], [RoleId]) VALUES (1, 1)\r\n","INSERT [dbo].[AspNetUserRoles] ([UserId], [RoleId]) VALUES (2, 1)\r\n","INSERT [dbo].[AspNetUserRoles] ([UserId], [RoleId]) VALUES (3, 1)\r\n","INSERT [dbo].[AspNetUserRoles] ([UserId], [RoleId]) VALUES (4, 1)\r\n","INSERT [dbo].[AspNetUserRoles] ([UserId], [RoleId]) VALUES (5, 1)\r\n","INSERT [dbo].[AspNetUserRoles] ([UserId], [RoleId]) VALUES (6, 1)\r\n","INSERT [dbo].[AspNetUserRoles] ([UserId], [RoleId]) VALUES (7, 1)\r\n","INSERT [dbo].[AspNetUserRoles] ([UserId], [RoleId]) VALUES (8, 1)\r\n","INSERT [dbo].[AspNetUserRoles] ([UserId], [RoleId]) VALUES (9, 1)\r\n","INSERT [dbo].[AspNetUserRoles] ([UserId], [RoleId]) VALUES (10, 1)\r\n","INSERT [dbo].[AspNetUserRoles] ([UserId], [RoleId]) VALUES (11, 1)\r\n","INSERT [dbo].[AspNetUserRoles] ([UserId], [RoleId]) VALUES (12, 1)\r\n","INSERT [dbo].[AspNetUserRoles] ([UserId], [RoleId]) VALUES (13, 1)\r\n","INSERT [dbo].[AspNetUserRoles] ([UserId], [RoleId]) VALUES (14, 1)\r\n","INSERT [dbo].[AspNetUserRoles] ([UserId], [RoleId]) VALUES (15, 1)\r\n","INSERT [dbo].[AspNetUserRoles] ([UserId], [RoleId]) VALUES (16, 1)\r\n","INSERT [dbo].[AspNetUserRoles] ([UserId], [RoleId]) VALUES (17, 2)\r\n","INSERT [dbo].[AspNetUserRoles] ([UserId], [RoleId]) VALUES (17, 3)\r\n","GO\r\n"],"metadata":{"urn":"Server[@Name='DESKTOP-NFCHAKP']/Database[@Name='KitaDB']/Table[@Name='AspNetUserRoles' and @Schema='dbo']","object_type":"Table"}},{"cell_type":"markdown","source":["# [dbo].[AspNetUsers]"],"metadata":{"urn":"Server[@Name='DESKTOP-NFCHAKP']/Database[@Name='KitaDB']/Table[@Name='AspNetUsers' and @Schema='dbo']","object_type":"Table"}},{"outputs":[],"execution_count":0,"cell_type":"code","source":["SET IDENTITY_INSERT [dbo].[AspNetUsers] ON \r\n","INSERT [dbo].[AspNetUsers] ([Id], [Name], [Surname], [DateOfBirth], [KnownAs], [Created], [LastActive], [Gender], [City], [Country], [Introduction], [Interests], [TutorId], [UserName], [NormalizedUserName], [Email], [NormalizedEmail], [EmailConfirmed], [PasswordHash], [SecurityStamp], [ConcurrencyStamp], [PhoneNumber], [PhoneNumberConfirmed], [TwoFactorEnabled], [LockoutEnd], [LockoutEnabled], [AccessFailedCount], [CanSendMessages]) VALUES (1, N'George', N'Schröder', CAST(N'2020-11-03' AS Date), N'George', CAST(N'2022-04-01T00:00:00.0000000' AS DateTime2), CAST(N'2025-04-28T10:58:31.3016716' AS DateTime2), N'male', N'Eagleville', N'Sudan', N'Minim laborum minim magna consequat labore minim dolore esse exercitation in ipsum.', N'Labore excepteur aliquip laborum est proident.', 1, N'george', N'GEORGE', NULL, NULL, 0, N'AQAAAAIAAYagAAAAEGbqRBMkqt6AeARBNCbJpUdr22UXQfmWPVHFTv1LVuRIACfbS1vBbiuJ6EJ0+v/OkA==', N'6D7K3ITDR4DDST7S7MJA7UO7BZMWEJRF', N'730e0037-c89a-402c-ac33-1956e70e618e', NULL, 0, 0, NULL, 1, 0, 1)\r\n","INSERT [dbo].[AspNetUsers] ([Id], [Name], [Surname], [DateOfBirth], [KnownAs], [Created], [LastActive], [Gender], [City], [Country], [Introduction], [Interests], [TutorId], [UserName], [NormalizedUserName], [Email], [NormalizedEmail], [EmailConfirmed], [PasswordHash], [SecurityStamp], [ConcurrencyStamp], [PhoneNumber], [PhoneNumberConfirmed], [TwoFactorEnabled], [LockoutEnd], [LockoutEnabled], [AccessFailedCount], [CanSendMessages]) VALUES (2, N'Chris', N'Richter', CAST(N'2021-12-05' AS Date), N'Chris', CAST(N'2022-01-10T00:00:00.0000000' AS DateTime2), CAST(N'2025-04-28T08:58:53.1754368' AS DateTime2), N'male', N'Snelling', N'Lebanon', N'In ipsum occaecat sint aliquip enim officia aliquip enim.', N'Quis ex fugiat eu voluptate cupidatat excepteur commodo adipisicing labore cillum labore.', 1, N'chris', N'CHRIS', NULL, NULL, 0, N'AQAAAAIAAYagAAAAECzQw0RUzPAbUuRT0ywCvj1BgOR4O+7rYfgjkfAZNmWAT6+J/et6jTUGXJlldSUrsQ==', N'OQ6HF4IVMIOBR7WUQ7MBGALLIX5QIIFV', N'4e2580f3-39e8-4517-9af8-e4c2216cd0d8', NULL, 0, 0, NULL, 1, 0, 1)\r\n","INSERT [dbo].[AspNetUsers] ([Id], [Name], [Surname], [DateOfBirth], [KnownAs], [Created], [LastActive], [Gender], [City], [Country], [Introduction], [Interests], [TutorId], [UserName], [NormalizedUserName], [Email], [NormalizedEmail], [EmailConfirmed], [PasswordHash], [SecurityStamp], [ConcurrencyStamp], [PhoneNumber], [PhoneNumberConfirmed], [TwoFactorEnabled], [LockoutEnd], [LockoutEnabled], [AccessFailedCount], [CanSendMessages]) VALUES (3, N'Grimes', N'Weber', CAST(N'2024-08-22' AS Date), N'Grimes', CAST(N'2023-06-01T00:00:00.0000000' AS DateTime2), CAST(N'2025-06-14T00:00:00.0000000' AS DateTime2), N'male', N'Montura', N'Romania', N'Enim ex laboris aliqua proident sunt dolore est pariatur enim esse dolore elit sint.', N'Aute mollit sit deserunt voluptate exercitation exercitation irure commodo officia ullamco minim.', 2, N'grimes', N'GRIMES', NULL, NULL, 0, N'AQAAAAIAAYagAAAAEFwWPLzltHhXpzqo48FY8jNMgUQsrU/RdIPkNdtjYz6js45HKIMHDIpnm7ChfgSKvw==', N'EYFTP3L7W2UWUUAXZ623H7WMHNAPNTZ4', N'1f4714fe-6eb8-49b3-a217-77e41217d1a9', NULL, 0, 0, NULL, 1, 0, 0)\r\n","INSERT [dbo].[AspNetUsers] ([Id], [Name], [Surname], [DateOfBirth], [KnownAs], [Created], [LastActive], [Gender], [City], [Country], [Introduction], [Interests], [TutorId], [UserName], [NormalizedUserName], [Email], [NormalizedEmail], [EmailConfirmed], [PasswordHash], [SecurityStamp], [ConcurrencyStamp], [PhoneNumber], [PhoneNumberConfirmed], [TwoFactorEnabled], [LockoutEnd], [LockoutEnabled], [AccessFailedCount], [CanSendMessages]) VALUES (4, N'Reilly', N'Richter', CAST(N'2021-01-01' AS Date), N'Reilly', CAST(N'2020-08-31T00:00:00.0000000' AS DateTime2), CAST(N'2025-04-19T11:36:50.1835752' AS DateTime2), N'male', N'Walton', N'Bosnia and Herzegovina', N'Voluptate ad sit laborum do enim laboris esse deserunt cupidatat mollit.', N'Consectetur tempor dolore cillum consectetur minim et nisi qui ea laborum adipisicing enim.', 2, N'reilly', N'REILLY', NULL, NULL, 0, N'AQAAAAIAAYagAAAAEGu9mfWAPOr8OUPwyAxAMq1HufA4YIawhvRQfYU47tkzYTrQ4dTok/5UW/YVbKJoAQ==', N'5YRAU2NVA7WMVYMSZK2EHUAT7DP5Z2E2', N'531d2775-d4e4-41f0-9414-fbdfb5c234a9', NULL, 0, 0, NULL, 1, 0, 0)\r\n","INSERT [dbo].[AspNetUsers] ([Id], [Name], [Surname], [DateOfBirth], [KnownAs], [Created], [LastActive], [Gender], [City], [Country], [Introduction], [Interests], [TutorId], [UserName], [NormalizedUserName], [Email], [NormalizedEmail], [EmailConfirmed], [PasswordHash], [SecurityStamp], [ConcurrencyStamp], [PhoneNumber], [PhoneNumberConfirmed], [TwoFactorEnabled], [LockoutEnd], [LockoutEnabled], [AccessFailedCount], [CanSendMessages]) VALUES (5, N'Frye', N'Schneider', CAST(N'2022-01-18' AS Date), N'Frye', CAST(N'2023-10-14T00:00:00.0000000' AS DateTime2), CAST(N'2025-05-11T00:00:00.0000000' AS DateTime2), N'male', N'Ilchester', N'Libya', N'Consequat sit tempor ullamco officia consequat.', N'Do aute Lorem ut commodo et nulla esse elit sit sint in.', 3, N'frye', N'FRYE', NULL, NULL, 0, N'AQAAAAIAAYagAAAAEBUfWhc3CgTMxX67yYwdKjoARE21b0g/Idg6Th/0EZaB1P7CDPJhwG+fbUyOi8jvWg==', N'QVEHNYUQ37G7U26EBXKX7DYPFLB7QWGR', N'a08cea86-73a7-41b5-b158-1fe9e03854c3', NULL, 0, 0, NULL, 1, 0, 0)\r\n","INSERT [dbo].[AspNetUsers] ([Id], [Name], [Surname], [DateOfBirth], [KnownAs], [Created], [LastActive], [Gender], [City], [Country], [Introduction], [Interests], [TutorId], [UserName], [NormalizedUserName], [Email], [NormalizedEmail], [EmailConfirmed], [PasswordHash], [SecurityStamp], [ConcurrencyStamp], [PhoneNumber], [PhoneNumberConfirmed], [TwoFactorEnabled], [LockoutEnd], [LockoutEnabled], [AccessFailedCount], [CanSendMessages]) VALUES (6, N'Whitehead', N'Meyer', CAST(N'2022-11-14' AS Date), N'Whitehead', CAST(N'2024-04-09T00:00:00.0000000' AS DateTime2), CAST(N'2025-06-27T00:00:00.0000000' AS DateTime2), N'male', N'Cascades', N'Luxembourg', N'Ex deserunt dolor sint officia ullamco veniam eiusmod adipisicing ipsum laborum.', N'Sit ipsum cillum consectetur sint aliqua laboris do incididunt mollit.', 2, N'whitehead', N'WHITEHEAD', NULL, NULL, 0, N'AQAAAAIAAYagAAAAEHn6t55VmR9dOWawnQ4TRuL8K85ilUPVf6z2oXSzNLEikI3IYe2k1mgu8ynEiXNjEQ==', N'VNCTTO7CI6BXK27EPEATKUJEQW2GXRTU', N'6739e376-a7cc-453a-a87a-51967cffa4e4', NULL, 0, 0, NULL, 1, 0, 0)\r\n","INSERT [dbo].[AspNetUsers] ([Id], [Name], [Surname], [DateOfBirth], [KnownAs], [Created], [LastActive], [Gender], [City], [Country], [Introduction], [Interests], [TutorId], [UserName], [NormalizedUserName], [Email], [NormalizedEmail], [EmailConfirmed], [PasswordHash], [SecurityStamp], [ConcurrencyStamp], [PhoneNumber], [PhoneNumberConfirmed], [TwoFactorEnabled], [LockoutEnd], [LockoutEnabled], [AccessFailedCount], [CanSendMessages]) VALUES (7, N'Hyde', N'Bauer', CAST(N'2024-11-02' AS Date), N'Hyde', CAST(N'2020-08-12T00:00:00.0000000' AS DateTime2), CAST(N'2025-06-01T00:00:00.0000000' AS DateTime2), N'male', N'Jacumba', N'Gabon', N'Eu labore ut fugiat adipisicing dolor excepteur laborum nostrud cillum.', N'In adipisicing laborum incididunt aliqua cupidatat ex occaecat ut sit non adipisicing et laborum dolore.', 2, N'hyde', N'HYDE', NULL, NULL, 0, N'AQAAAAIAAYagAAAAENuTZ/iyyVj9RtDF5PyMhcNyV75Qd4BYqS7lRuonkr+IF9vT4hy+xNrwKaGPEPHbYA==', N'OCETBTNSIAEWT44TL6F4XLXBPRBQM5YE', N'26392d1d-04e2-4313-a0f9-c7f867ed79c4', NULL, 0, 0, NULL, 1, 0, 0)\r\n","INSERT [dbo].[AspNetUsers] ([Id], [Name], [Surname], [DateOfBirth], [KnownAs], [Created], [LastActive], [Gender], [City], [Country], [Introduction], [Interests], [TutorId], [UserName], [NormalizedUserName], [Email], [NormalizedEmail], [EmailConfirmed], [PasswordHash], [SecurityStamp], [ConcurrencyStamp], [PhoneNumber], [PhoneNumberConfirmed], [TwoFactorEnabled], [LockoutEnd], [LockoutEnabled], [AccessFailedCount], [CanSendMessages]) VALUES (8, N'Joseph', N'Schulz', CAST(N'2021-05-05' AS Date), N'Joseph', CAST(N'2022-03-23T00:00:00.0000000' AS DateTime2), CAST(N'2025-05-17T00:00:00.0000000' AS DateTime2), N'male', N'Ypsilanti', N'Malawi', N'Reprehenderit incididunt voluptate voluptate nisi officia magna pariatur qui sunt mollit ut nostrud.', N'Tempor laborum enim laborum incididunt.', 3, N'joseph', N'JOSEPH', NULL, NULL, 0, N'AQAAAAIAAYagAAAAEFocJWXsEZm5Nw6dO5s0JxqVFhFqixHmklgyP7FMq2vix227aiEUO5IhIhV0qpRBdQ==', N'KBXTYYPFA3Y3OZHBS75PYHMQ7BJYE7KZ', N'aafac592-45ba-4ee4-a299-ffb5dafc5121', NULL, 0, 0, NULL, 1, 0, 0)\r\n","INSERT [dbo].[AspNetUsers] ([Id], [Name], [Surname], [DateOfBirth], [KnownAs], [Created], [LastActive], [Gender], [City], [Country], [Introduction], [Interests], [TutorId], [UserName], [NormalizedUserName], [Email], [NormalizedEmail], [EmailConfirmed], [PasswordHash], [SecurityStamp], [ConcurrencyStamp], [PhoneNumber], [PhoneNumberConfirmed], [TwoFactorEnabled], [LockoutEnd], [LockoutEnabled], [AccessFailedCount], [CanSendMessages]) VALUES (9, N'Caitlin', N'Richter', CAST(N'2020-04-10' AS Date), N'Caitlin', CAST(N'2024-03-09T00:00:00.0000000' AS DateTime2), CAST(N'2025-04-25T00:50:16.2869045' AS DateTime2), N'female', N'Orviston', N'Djibouti', N'Ad do eu cillum consequat culpa et eu esse anim sit Lorem Lorem tempor.', N'Id nostrud nulla esse anim exercitation ad ullamco aute occaecat cupidatat.', 3, N'caitlin', N'CAITLIN', NULL, NULL, 0, N'AQAAAAIAAYagAAAAELsdlvuAIbSgSuAnizT4+wRLlxLdRTMoNIJrg0cLk52kGi1g+3XYW3oQLrEraqytlg==', N'ZRFTN5WYWPLFHDHGUTMKSO4UMNOZDHO7', N'2b623b28-dc33-4328-8748-1d97267695e7', NULL, 0, 0, NULL, 1, 0, 0)\r\n","INSERT [dbo].[AspNetUsers] ([Id], [Name], [Surname], [DateOfBirth], [KnownAs], [Created], [LastActive], [Gender], [City], [Country], [Introduction], [Interests], [TutorId], [UserName], [NormalizedUserName], [Email], [NormalizedEmail], [EmailConfirmed], [PasswordHash], [SecurityStamp], [ConcurrencyStamp], [PhoneNumber], [PhoneNumberConfirmed], [TwoFactorEnabled], [LockoutEnd], [LockoutEnabled], [AccessFailedCount], [CanSendMessages]) VALUES (10, N'Phyllis', N'Becker', CAST(N'2022-11-21' AS Date), N'Phyllis', CAST(N'2024-08-30T00:00:00.0000000' AS DateTime2), CAST(N'2025-06-02T00:00:00.0000000' AS DateTime2), N'female', N'Allentown', N'Nigeria', N'Sint incididunt qui ex tempor ullamco mollit aliquip exercitation tempor amet sunt occaecat ex proident.', N'Aute velit consequat commodo aliqua et nisi nostrud ullamco elit pariatur ullamco.', 3, N'phyllis', N'PHYLLIS', NULL, NULL, 0, N'AQAAAAIAAYagAAAAEIEUMFGyj6zdxXneL4275K7o0RKjxdRCCVP/XuJIhMOeoG3CTcN7SOt4YdjaHObtMQ==', N'7TSEGN3MAOIHOYSUIK4M3AKZEHHR3VTI', N'c41267be-8869-41d9-bbba-572674517673', NULL, 0, 0, NULL, 1, 0, 0)\r\n","INSERT [dbo].[AspNetUsers] ([Id], [Name], [Surname], [DateOfBirth], [KnownAs], [Created], [LastActive], [Gender], [City], [Country], [Introduction], [Interests], [TutorId], [UserName], [NormalizedUserName], [Email], [NormalizedEmail], [EmailConfirmed], [PasswordHash], [SecurityStamp], [ConcurrencyStamp], [PhoneNumber], [PhoneNumberConfirmed], [TwoFactorEnabled], [LockoutEnd], [LockoutEnabled], [AccessFailedCount], [CanSendMessages]) VALUES (11, N'Marissa', N'Schneider', CAST(N'2024-06-01' AS Date), N'Marissa', CAST(N'2022-01-28T00:00:00.0000000' AS DateTime2), CAST(N'2025-05-26T00:00:00.0000000' AS DateTime2), N'female', N'Greenbush', N'Philippines', N'Proident adipisicing excepteur est reprehenderit adipisicing labore cillum laborum nulla.', N'Consequat culpa nulla id irure sit ad ad dolore aute magna proident nisi quis consectetur.', 2, N'marissa', N'MARISSA', NULL, NULL, 0, N'AQAAAAIAAYagAAAAEAigkXo9eW1fYHtkY3Ad8WC+J6wLvnnTD4BJbzpFetry7uq+9Y+dIwXrviUQWEXKIg==', N'743E42X4G2WOVBDQRIIM4OXIO2UCDAED', N'c13efec5-42e1-47a7-bdc4-aa70694a73d7', NULL, 0, 0, NULL, 1, 0, 0)\r\n","INSERT [dbo].[AspNetUsers] ([Id], [Name], [Surname], [DateOfBirth], [KnownAs], [Created], [LastActive], [Gender], [City], [Country], [Introduction], [Interests], [TutorId], [UserName], [NormalizedUserName], [Email], [NormalizedEmail], [EmailConfirmed], [PasswordHash], [SecurityStamp], [ConcurrencyStamp], [PhoneNumber], [PhoneNumberConfirmed], [TwoFactorEnabled], [LockoutEnd], [LockoutEnabled], [AccessFailedCount], [CanSendMessages]) VALUES (12, N'Eve', N'Schwarz', CAST(N'2021-06-29' AS Date), N'Eve', CAST(N'2021-01-18T00:00:00.0000000' AS DateTime2), CAST(N'2025-05-30T00:00:00.0000000' AS DateTime2), N'female', N'Grazierville', N'Togo', N'Nisi minim duis tempor do irure laboris excepteur.', N'Nulla nostrud proident pariatur quis nisi ea esse officia cupidatat nulla deserunt.', 2, N'eve', N'EVE', NULL, NULL, 0, N'AQAAAAIAAYagAAAAEOJa+RG0103Cf8Wkapuo0d3J87EcI5ihaxf9oTLsjQvHuuP+HOMA1k9IHJmncn7q8A==', N'PLRSJ4MHAIL6OD7VTV5CDW7JUFEKKSXR', N'ef895c4b-7f46-4697-9ce3-e6ceaa4234dc', NULL, 0, 0, NULL, 1, 0, 0)\r\n","INSERT [dbo].[AspNetUsers] ([Id], [Name], [Surname], [DateOfBirth], [KnownAs], [Created], [LastActive], [Gender], [City], [Country], [Introduction], [Interests], [TutorId], [UserName], [NormalizedUserName], [Email], [NormalizedEmail], [EmailConfirmed], [PasswordHash], [SecurityStamp], [ConcurrencyStamp], [PhoneNumber], [PhoneNumberConfirmed], [TwoFactorEnabled], [LockoutEnd], [LockoutEnabled], [AccessFailedCount], [CanSendMessages]) VALUES (13, N'Terra', N'Klein', CAST(N'2021-06-22' AS Date), N'Terra', CAST(N'2021-09-09T00:00:00.0000000' AS DateTime2), CAST(N'2025-05-01T00:00:00.0000000' AS DateTime2), N'female', N'Leland', N'Guam', N'Do non do mollit in labore cupidatat excepteur ullamco velit dolor aute duis consectetur qui.', N'Eu eu duis deserunt occaecat.', 3, N'terra', N'TERRA', NULL, NULL, 0, N'AQAAAAIAAYagAAAAEFyZXYGdm3v83SfRI/oa+ixkfC0Obqy8n7NcuE8X3QOPYW9PuEImaQzylKc1bsH9Cw==', N'MYCMNV7PWNWHZFTEQVWE465H3Q6TTNIJ', N'be40de29-7dad-4a4d-8a93-f30e590b6257', NULL, 0, 0, NULL, 1, 0, 0)\r\n","INSERT [dbo].[AspNetUsers] ([Id], [Name], [Surname], [DateOfBirth], [KnownAs], [Created], [LastActive], [Gender], [City], [Country], [Introduction], [Interests], [TutorId], [UserName], [NormalizedUserName], [Email], [NormalizedEmail], [EmailConfirmed], [PasswordHash], [SecurityStamp], [ConcurrencyStamp], [PhoneNumber], [PhoneNumberConfirmed], [TwoFactorEnabled], [LockoutEnd], [LockoutEnabled], [AccessFailedCount], [CanSendMessages]) VALUES (14, N'Dawn', N'Zimmermann', CAST(N'2024-10-15' AS Date), N'Dawn', CAST(N'2021-12-10T00:00:00.0000000' AS DateTime2), CAST(N'2025-05-27T00:00:00.0000000' AS DateTime2), N'female', N'Ryderwood', N'Fiji', N'Laborum aliquip enim mollit cupidatat.', N'Do dolor officia duis est sunt laboris pariatur eiusmod exercitation enim deserunt.', 2, N'dawn', N'DAWN', NULL, NULL, 0, N'AQAAAAIAAYagAAAAEEaPklouF/GUPiYXQlbNopj3tW055D+rE5DL4eagtHL/WJOHmXz9rAB47RNR1cAGQw==', N'AEWPJ3DLJEPBBTYLPKSNMHC346P6P4T4', N'731186b4-326e-40e5-b854-5fec56412152', NULL, 0, 0, NULL, 1, 0, 0)\r\n","INSERT [dbo].[AspNetUsers] ([Id], [Name], [Surname], [DateOfBirth], [KnownAs], [Created], [LastActive], [Gender], [City], [Country], [Introduction], [Interests], [TutorId], [UserName], [NormalizedUserName], [Email], [NormalizedEmail], [EmailConfirmed], [PasswordHash], [SecurityStamp], [ConcurrencyStamp], [PhoneNumber], [PhoneNumberConfirmed], [TwoFactorEnabled], [LockoutEnd], [LockoutEnabled], [AccessFailedCount], [CanSendMessages]) VALUES (15, N'Melanie', N'Becker', CAST(N'2020-03-14' AS Date), N'Melanie', CAST(N'2023-03-16T00:00:00.0000000' AS DateTime2), CAST(N'2025-05-07T00:00:00.0000000' AS DateTime2), N'female', N'Lodoga', N'Aruba', N'Nulla aliqua nulla cillum nisi sint nulla proident proident proident culpa et voluptate.', N'Irure officia nulla et dolore incididunt consequat ex enim.', 2, N'melanie', N'MELANIE', NULL, NULL, 0, N'AQAAAAIAAYagAAAAENVOPHnqZorjXM7BEl5zbbCKgmV054TK0lknEHxl0TRQ34giQ1xUupy/4y/iDpr4fQ==', N'LZ7YVLXGHCHCUSURD5M33PYOVVDMP5UC', N'5df74a23-adbe-4093-9ab3-13e0a8a6f854', NULL, 0, 0, NULL, 1, 0, 0)\r\n","INSERT [dbo].[AspNetUsers] ([Id], [Name], [Surname], [DateOfBirth], [KnownAs], [Created], [LastActive], [Gender], [City], [Country], [Introduction], [Interests], [TutorId], [UserName], [NormalizedUserName], [Email], [NormalizedEmail], [EmailConfirmed], [PasswordHash], [SecurityStamp], [ConcurrencyStamp], [PhoneNumber], [PhoneNumberConfirmed], [TwoFactorEnabled], [LockoutEnd], [LockoutEnabled], [AccessFailedCount], [CanSendMessages]) VALUES (16, N'Frieda', N'Hartmann', CAST(N'2024-02-18' AS Date), N'Frieda', CAST(N'2021-08-04T00:00:00.0000000' AS DateTime2), CAST(N'2025-06-14T00:00:00.0000000' AS DateTime2), N'female', N'Sutton', N'Poland', N'Adipisicing duis Lorem pariatur eiusmod anim exercitation minim ad pariatur reprehenderit sit sint ut.', N'Voluptate consequat tempor do dolor.', 3, N'frieda', N'FRIEDA', NULL, NULL, 0, N'AQAAAAIAAYagAAAAEALAeJ0eZ54Fup6xhzN5Zq0VlkUXIgrlYW22Iw0Kbkw5bcJFtnRbUYBNeftNgCylvQ==', N'ZADLAYEXF23D3RE7C3VNZ6ZNBAYG4YWZ', N'16b0ab1f-fc6f-4e23-b279-f1e194466ba7', NULL, 0, 0, NULL, 1, 0, 0)\r\n","INSERT [dbo].[AspNetUsers] ([Id], [Name], [Surname], [DateOfBirth], [KnownAs], [Created], [LastActive], [Gender], [City], [Country], [Introduction], [Interests], [TutorId], [UserName], [NormalizedUserName], [Email], [NormalizedEmail], [EmailConfirmed], [PasswordHash], [SecurityStamp], [ConcurrencyStamp], [PhoneNumber], [PhoneNumberConfirmed], [TwoFactorEnabled], [LockoutEnd], [LockoutEnabled], [AccessFailedCount], [CanSendMessages]) VALUES (17, N'Carol', N'Müller', CAST(N'1988-04-22' AS Date), N'Carol', CAST(N'2025-03-30T22:50:20.2509250' AS DateTime2), CAST(N'2025-04-28T09:06:26.2085164' AS DateTime2), N'female', N'Hamburg', N'Germany', N'Hallo, ich bin Carolin 123', N'', NULL, N'carol', N'CAROL', NULL, NULL, 0, N'AQAAAAIAAYagAAAAEBRC1+hFG7aGEBEse9woS+zo+ZS18EJcK9gju6xe2oJHuRFogIzfblWd7FmwOYopHw==', N'6RBZ6EY5AAXFT3OOLNNVH2VACKDPW6HA', N'41ec1db5-5733-460f-9e87-4ecd71b4dd2a', NULL, 0, 0, NULL, 1, 0, 1)\r\n","SET IDENTITY_INSERT [dbo].[AspNetUsers] OFF\r\n","GO\r\n"],"metadata":{"urn":"Server[@Name='DESKTOP-NFCHAKP']/Database[@Name='KitaDB']/Table[@Name='AspNetUsers' and @Schema='dbo']","object_type":"Table"}},{"cell_type":"markdown","source":["# [dbo].[Calendars]"],"metadata":{"urn":"Server[@Name='DESKTOP-NFCHAKP']/Database[@Name='KitaDB']/Table[@Name='Calendars' and @Schema='dbo']","object_type":"Table"}},{"outputs":[],"execution_count":0,"cell_type":"code","source":["SET IDENTITY_INSERT [dbo].[Calendars] ON \r\n","INSERT [dbo].[Calendars] ([Id], [Title], [Description], [StartDate], [EndDate], [IsVacation], [IsHolidays], [IsSickLeave], [IsOther]) VALUES (1, N'New Year''s Day', N'New Year''s celebration', CAST(N'2025-01-01T00:00:00.0000000' AS DateTime2), CAST(N'2025-01-01T00:00:00.0000000' AS DateTime2), 0, 1, 0, 0)\r\n","INSERT [dbo].[Calendars] ([Id], [Title], [Description], [StartDate], [EndDate], [IsVacation], [IsHolidays], [IsSickLeave], [IsOther]) VALUES (2, N'Good Friday', N'Commemoration of Good Friday', CAST(N'2025-04-18T00:00:00.0000000' AS DateTime2), CAST(N'2025-04-18T00:00:00.0000000' AS DateTime2), 0, 1, 0, 0)\r\n","INSERT [dbo].[Calendars] ([Id], [Title], [Description], [StartDate], [EndDate], [IsVacation], [IsHolidays], [IsSickLeave], [IsOther]) VALUES (3, N'Easter Monday', N'Celebration of Easter Monday', CAST(N'2025-04-21T00:00:00.0000000' AS DateTime2), CAST(N'2025-04-21T00:00:00.0000000' AS DateTime2), 0, 1, 0, 0)\r\n","INSERT [dbo].[Calendars] ([Id], [Title], [Description], [StartDate], [EndDate], [IsVacation], [IsHolidays], [IsSickLeave], [IsOther]) VALUES (4, N'Labor Day', N'International Workers'' Day', CAST(N'2025-05-01T00:00:00.0000000' AS DateTime2), CAST(N'2025-05-01T00:00:00.0000000' AS DateTime2), 0, 1, 0, 0)\r\n","INSERT [dbo].[Calendars] ([Id], [Title], [Description], [StartDate], [EndDate], [IsVacation], [IsHolidays], [IsSickLeave], [IsOther]) VALUES (5, N'Ascension Day', N'Celebration of the Ascension of Jesus', CAST(N'2025-05-29T00:00:00.0000000' AS DateTime2), CAST(N'2025-05-29T00:00:00.0000000' AS DateTime2), 0, 1, 0, 0)\r\n","INSERT [dbo].[Calendars] ([Id], [Title], [Description], [StartDate], [EndDate], [IsVacation], [IsHolidays], [IsSickLeave], [IsOther]) VALUES (6, N'Whit Monday', N'Celebration of Whit Monday', CAST(N'2025-06-09T00:00:00.0000000' AS DateTime2), CAST(N'2025-06-09T00:00:00.0000000' AS DateTime2), 0, 1, 0, 0)\r\n","INSERT [dbo].[Calendars] ([Id], [Title], [Description], [StartDate], [EndDate], [IsVacation], [IsHolidays], [IsSickLeave], [IsOther]) VALUES (7, N'German Unity Day', N'Celebration of German reunification', CAST(N'2025-10-03T00:00:00.0000000' AS DateTime2), CAST(N'2025-10-03T00:00:00.0000000' AS DateTime2), 0, 1, 0, 0)\r\n","INSERT [dbo].[Calendars] ([Id], [Title], [Description], [StartDate], [EndDate], [IsVacation], [IsHolidays], [IsSickLeave], [IsOther]) VALUES (8, N'Reformation Day', N'Commemoration of the Protestant Reformation', CAST(N'2025-10-31T00:00:00.0000000' AS DateTime2), CAST(N'2025-10-31T00:00:00.0000000' AS DateTime2), 0, 1, 0, 0)\r\n","INSERT [dbo].[Calendars] ([Id], [Title], [Description], [StartDate], [EndDate], [IsVacation], [IsHolidays], [IsSickLeave], [IsOther]) VALUES (9, N'Christmas Day', N'Christmas celebration', CAST(N'2025-12-25T00:00:00.0000000' AS DateTime2), CAST(N'2025-12-25T00:00:00.0000000' AS DateTime2), 0, 1, 0, 0)\r\n","INSERT [dbo].[Calendars] ([Id], [Title], [Description], [StartDate], [EndDate], [IsVacation], [IsHolidays], [IsSickLeave], [IsOther]) VALUES (10, N'Boxing Day', N'Celebration of the second day of Christmas', CAST(N'2025-12-26T00:00:00.0000000' AS DateTime2), CAST(N'2025-12-26T00:00:00.0000000' AS DateTime2), 0, 1, 0, 0)\r\n","SET IDENTITY_INSERT [dbo].[Calendars] OFF\r\n","GO\r\n"],"metadata":{"urn":"Server[@Name='DESKTOP-NFCHAKP']/Database[@Name='KitaDB']/Table[@Name='Calendars' and @Schema='dbo']","object_type":"Table"}},{"cell_type":"markdown","source":["# [dbo].[FamilyMemberPhotos]"],"metadata":{"urn":"Server[@Name='DESKTOP-NFCHAKP']/Database[@Name='KitaDB']/Table[@Name='FamilyMemberPhotos' and @Schema='dbo']","object_type":"Table"}},{"outputs":[],"execution_count":0,"cell_type":"code","source":["SET IDENTITY_INSERT [dbo].[FamilyMemberPhotos] ON \r\n","INSERT [dbo].[FamilyMemberPhotos] ([Id], [FamilyMemberId], [Url], [IsMain], [PublicId], [IsApproved]) VALUES (1, 1, N'https://randomuser.me/api/portraits/men/45.jpg', 1, NULL, 0)\r\n","INSERT [dbo].[FamilyMemberPhotos] ([Id], [FamilyMemberId], [Url], [IsMain], [PublicId], [IsApproved]) VALUES (2, 2, N'https://randomuser.me/api/portraits/men/31.jpg', 1, NULL, 0)\r\n","INSERT [dbo].[FamilyMemberPhotos] ([Id], [FamilyMemberId], [Url], [IsMain], [PublicId], [IsApproved]) VALUES (3, 3, N'https://randomuser.me/api/portraits/men/77.jpg', 1, NULL, 0)\r\n","INSERT [dbo].[FamilyMemberPhotos] ([Id], [FamilyMemberId], [Url], [IsMain], [PublicId], [IsApproved]) VALUES (4, 4, N'https://randomuser.me/api/portraits/men/88.jpg', 1, NULL, 0)\r\n","INSERT [dbo].[FamilyMemberPhotos] ([Id], [FamilyMemberId], [Url], [IsMain], [PublicId], [IsApproved]) VALUES (5, 5, N'https://randomuser.me/api/portraits/men/77.jpg', 1, NULL, 0)\r\n","INSERT [dbo].[FamilyMemberPhotos] ([Id], [FamilyMemberId], [Url], [IsMain], [PublicId], [IsApproved]) VALUES (6, 6, N'https://randomuser.me/api/portraits/men/35.jpg', 1, NULL, 0)\r\n","INSERT [dbo].[FamilyMemberPhotos] ([Id], [FamilyMemberId], [Url], [IsMain], [PublicId], [IsApproved]) VALUES (7, 7, N'https://randomuser.me/api/portraits/men/15.jpg', 1, NULL, 0)\r\n","INSERT [dbo].[FamilyMemberPhotos] ([Id], [FamilyMemberId], [Url], [IsMain], [PublicId], [IsApproved]) VALUES (8, 8, N'https://randomuser.me/api/portraits/men/67.jpg', 1, NULL, 0)\r\n","INSERT [dbo].[FamilyMemberPhotos] ([Id], [FamilyMemberId], [Url], [IsMain], [PublicId], [IsApproved]) VALUES (9, 9, N'https://randomuser.me/api/portraits/men/23.jpg', 1, NULL, 0)\r\n","INSERT [dbo].[FamilyMemberPhotos] ([Id], [FamilyMemberId], [Url], [IsMain], [PublicId], [IsApproved]) VALUES (10, 10, N'https://randomuser.me/api/portraits/men/45.jpg', 1, NULL, 0)\r\n","INSERT [dbo].[FamilyMemberPhotos] ([Id], [FamilyMemberId], [Url], [IsMain], [PublicId], [IsApproved]) VALUES (11, 11, N'https://randomuser.me/api/portraits/men/51.jpg', 1, NULL, 0)\r\n","INSERT [dbo].[FamilyMemberPhotos] ([Id], [FamilyMemberId], [Url], [IsMain], [PublicId], [IsApproved]) VALUES (12, 12, N'https://randomuser.me/api/portraits/men/95.jpg', 1, NULL, 0)\r\n","INSERT [dbo].[FamilyMemberPhotos] ([Id], [FamilyMemberId], [Url], [IsMain], [PublicId], [IsApproved]) VALUES (13, 13, N'https://randomuser.me/api/portraits/men/97.jpg', 1, NULL, 0)\r\n","INSERT [dbo].[FamilyMemberPhotos] ([Id], [FamilyMemberId], [Url], [IsMain], [PublicId], [IsApproved]) VALUES (14, 14, N'https://randomuser.me/api/portraits/men/37.jpg', 1, NULL, 0)\r\n","INSERT [dbo].[FamilyMemberPhotos] ([Id], [FamilyMemberId], [Url], [IsMain], [PublicId], [IsApproved]) VALUES (15, 15, N'https://randomuser.me/api/portraits/men/42.jpg', 1, NULL, 0)\r\n","INSERT [dbo].[FamilyMemberPhotos] ([Id], [FamilyMemberId], [Url], [IsMain], [PublicId], [IsApproved]) VALUES (16, 16, N'https://randomuser.me/api/portraits/men/34.jpg', 1, NULL, 0)\r\n","INSERT [dbo].[FamilyMemberPhotos] ([Id], [FamilyMemberId], [Url], [IsMain], [PublicId], [IsApproved]) VALUES (17, 17, N'https://randomuser.me/api/portraits/men/82.jpg', 1, NULL, 0)\r\n","INSERT [dbo].[FamilyMemberPhotos] ([Id], [FamilyMemberId], [Url], [IsMain], [PublicId], [IsApproved]) VALUES (18, 18, N'https://randomuser.me/api/portraits/men/13.jpg', 1, NULL, 0)\r\n","INSERT [dbo].[FamilyMemberPhotos] ([Id], [FamilyMemberId], [Url], [IsMain], [PublicId], [IsApproved]) VALUES (19, 19, N'https://randomuser.me/api/portraits/men/47.jpg', 1, NULL, 0)\r\n","INSERT [dbo].[FamilyMemberPhotos] ([Id], [FamilyMemberId], [Url], [IsMain], [PublicId], [IsApproved]) VALUES (20, 20, N'https://randomuser.me/api/portraits/men/20.jpg', 1, NULL, 0)\r\n","INSERT [dbo].[FamilyMemberPhotos] ([Id], [FamilyMemberId], [Url], [IsMain], [PublicId], [IsApproved]) VALUES (21, 21, N'https://randomuser.me/api/portraits/men/50.jpg', 1, NULL, 0)\r\n","INSERT [dbo].[FamilyMemberPhotos] ([Id], [FamilyMemberId], [Url], [IsMain], [PublicId], [IsApproved]) VALUES (22, 22, N'https://randomuser.me/api/portraits/men/48.jpg', 1, NULL, 0)\r\n","INSERT [dbo].[FamilyMemberPhotos] ([Id], [FamilyMemberId], [Url], [IsMain], [PublicId], [IsApproved]) VALUES (23, 23, N'https://randomuser.me/api/portraits/men/72.jpg', 1, NULL, 0)\r\n","INSERT [dbo].[FamilyMemberPhotos] ([Id], [FamilyMemberId], [Url], [IsMain], [PublicId], [IsApproved]) VALUES (24, 24, N'https://randomuser.me/api/portraits/men/61.jpg', 1, NULL, 0)\r\n","INSERT [dbo].[FamilyMemberPhotos] ([Id], [FamilyMemberId], [Url], [IsMain], [PublicId], [IsApproved]) VALUES (25, 25, N'https://randomuser.me/api/portraits/men/70.jpg', 1, NULL, 0)\r\n","INSERT [dbo].[FamilyMemberPhotos] ([Id], [FamilyMemberId], [Url], [IsMain], [PublicId], [IsApproved]) VALUES (26, 26, N'https://randomuser.me/api/portraits/men/6.jpg', 1, NULL, 0)\r\n","INSERT [dbo].[FamilyMemberPhotos] ([Id], [FamilyMemberId], [Url], [IsMain], [PublicId], [IsApproved]) VALUES (27, 27, N'https://randomuser.me/api/portraits/men/58.jpg', 1, NULL, 0)\r\n","INSERT [dbo].[FamilyMemberPhotos] ([Id], [FamilyMemberId], [Url], [IsMain], [PublicId], [IsApproved]) VALUES (28, 28, N'https://randomuser.me/api/portraits/men/47.jpg', 1, NULL, 0)\r\n","INSERT [dbo].[FamilyMemberPhotos] ([Id], [FamilyMemberId], [Url], [IsMain], [PublicId], [IsApproved]) VALUES (29, 29, N'https://randomuser.me/api/portraits/men/84.jpg', 1, NULL, 0)\r\n","INSERT [dbo].[FamilyMemberPhotos] ([Id], [FamilyMemberId], [Url], [IsMain], [PublicId], [IsApproved]) VALUES (30, 30, N'https://randomuser.me/api/portraits/men/26.jpg', 1, NULL, 0)\r\n","INSERT [dbo].[FamilyMemberPhotos] ([Id], [FamilyMemberId], [Url], [IsMain], [PublicId], [IsApproved]) VALUES (31, 31, N'https://randomuser.me/api/portraits/men/87.jpg', 1, NULL, 0)\r\n","INSERT [dbo].[FamilyMemberPhotos] ([Id], [FamilyMemberId], [Url], [IsMain], [PublicId], [IsApproved]) VALUES (32, 32, N'https://randomuser.me/api/portraits/men/5.jpg', 1, NULL, 0)\r\n","INSERT [dbo].[FamilyMemberPhotos] ([Id], [FamilyMemberId], [Url], [IsMain], [PublicId], [IsApproved]) VALUES (33, 33, N'https://randomuser.me/api/portraits/men/6.jpg', 1, NULL, 0)\r\n","INSERT [dbo].[FamilyMemberPhotos] ([Id], [FamilyMemberId], [Url], [IsMain], [PublicId], [IsApproved]) VALUES (34, 34, N'https://randomuser.me/api/portraits/men/76.jpg', 1, NULL, 0)\r\n","INSERT [dbo].[FamilyMemberPhotos] ([Id], [FamilyMemberId], [Url], [IsMain], [PublicId], [IsApproved]) VALUES (35, 35, N'https://randomuser.me/api/portraits/men/9.jpg', 1, NULL, 0)\r\n","INSERT [dbo].[FamilyMemberPhotos] ([Id], [FamilyMemberId], [Url], [IsMain], [PublicId], [IsApproved]) VALUES (36, 36, N'https://randomuser.me/api/portraits/men/53.jpg', 1, NULL, 0)\r\n","INSERT [dbo].[FamilyMemberPhotos] ([Id], [FamilyMemberId], [Url], [IsMain], [PublicId], [IsApproved]) VALUES (37, 37, N'https://randomuser.me/api/portraits/men/92.jpg', 1, NULL, 0)\r\n","INSERT [dbo].[FamilyMemberPhotos] ([Id], [FamilyMemberId], [Url], [IsMain], [PublicId], [IsApproved]) VALUES (38, 38, N'https://randomuser.me/api/portraits/men/86.jpg', 1, NULL, 0)\r\n","INSERT [dbo].[FamilyMemberPhotos] ([Id], [FamilyMemberId], [Url], [IsMain], [PublicId], [IsApproved]) VALUES (39, 39, N'https://randomuser.me/api/portraits/men/86.jpg', 1, NULL, 0)\r\n","INSERT [dbo].[FamilyMemberPhotos] ([Id], [FamilyMemberId], [Url], [IsMain], [PublicId], [IsApproved]) VALUES (40, 40, N'https://randomuser.me/api/portraits/men/67.jpg', 1, NULL, 0)\r\n","INSERT [dbo].[FamilyMemberPhotos] ([Id], [FamilyMemberId], [Url], [IsMain], [PublicId], [IsApproved]) VALUES (41, 41, N'https://randomuser.me/api/portraits/men/74.jpg', 1, NULL, 0)\r\n","INSERT [dbo].[FamilyMemberPhotos] ([Id], [FamilyMemberId], [Url], [IsMain], [PublicId], [IsApproved]) VALUES (42, 42, N'https://randomuser.me/api/portraits/men/48.jpg', 1, NULL, 0)\r\n","INSERT [dbo].[FamilyMemberPhotos] ([Id], [FamilyMemberId], [Url], [IsMain], [PublicId], [IsApproved]) VALUES (43, 43, N'https://randomuser.me/api/portraits/men/86.jpg', 1, NULL, 0)\r\n","INSERT [dbo].[FamilyMemberPhotos] ([Id], [FamilyMemberId], [Url], [IsMain], [PublicId], [IsApproved]) VALUES (44, 44, N'https://randomuser.me/api/portraits/men/77.jpg', 1, NULL, 0)\r\n","INSERT [dbo].[FamilyMemberPhotos] ([Id], [FamilyMemberId], [Url], [IsMain], [PublicId], [IsApproved]) VALUES (45, 45, N'https://randomuser.me/api/portraits/men/41.jpg', 1, NULL, 0)\r\n","INSERT [dbo].[FamilyMemberPhotos] ([Id], [FamilyMemberId], [Url], [IsMain], [PublicId], [IsApproved]) VALUES (46, 46, N'https://randomuser.me/api/portraits/men/85.jpg', 1, NULL, 0)\r\n","INSERT [dbo].[FamilyMemberPhotos] ([Id], [FamilyMemberId], [Url], [IsMain], [PublicId], [IsApproved]) VALUES (47, 47, N'https://randomuser.me/api/portraits/men/97.jpg', 1, NULL, 0)\r\n","SET IDENTITY_INSERT [dbo].[FamilyMemberPhotos] OFF\r\n","GO\r\n"],"metadata":{"urn":"Server[@Name='DESKTOP-NFCHAKP']/Database[@Name='KitaDB']/Table[@Name='FamilyMemberPhotos' and @Schema='dbo']","object_type":"Table"}},{"cell_type":"markdown","source":["# [dbo].[FamilyMembers]"],"metadata":{"urn":"Server[@Name='DESKTOP-NFCHAKP']/Database[@Name='KitaDB']/Table[@Name='FamilyMembers' and @Schema='dbo']","object_type":"Table"}},{"outputs":[],"execution_count":0,"cell_type":"code","source":["SET IDENTITY_INSERT [dbo].[FamilyMembers] ON \r\n","INSERT [dbo].[FamilyMembers] ([Id], [FullName], [Email], [Phone], [Relationship], [isParent], [UserId]) VALUES (1, N'Leonard Schulz', N'schulz_1@gmail.de', N'+49 856 8795989', NULL, 1, 1)\r\n","INSERT [dbo].[FamilyMembers] ([Id], [FullName], [Email], [Phone], [Relationship], [isParent], [UserId]) VALUES (2, N'Terry Schulz', N'schulz_2@gmail.de', N'+49 838 4689749', NULL, 1, 1)\r\n","INSERT [dbo].[FamilyMembers] ([Id], [FullName], [Email], [Phone], [Relationship], [isParent], [UserId]) VALUES (3, N'Santos Glass', NULL, N'+49 459 5552563', NULL, 0, 1)\r\n","INSERT [dbo].[FamilyMembers] ([Id], [FullName], [Email], [Phone], [Relationship], [isParent], [UserId]) VALUES (4, N'Campbell Schmidt', N'schmidt_1@gmail.de', N'+49 606 2572715', NULL, 1, 2)\r\n","INSERT [dbo].[FamilyMembers] ([Id], [FullName], [Email], [Phone], [Relationship], [isParent], [UserId]) VALUES (5, N'Booker Schmidt', N'schmidt_2@gmail.de', N'+49 624 9557161', NULL, 1, 2)\r\n","INSERT [dbo].[FamilyMembers] ([Id], [FullName], [Email], [Phone], [Relationship], [isParent], [UserId]) VALUES (6, N'Silva Oneal', NULL, N'+49 880 5658990', NULL, 0, 2)\r\n","INSERT [dbo].[FamilyMembers] ([Id], [FullName], [Email], [Phone], [Relationship], [isParent], [UserId]) VALUES (7, N'Noel Weber', N'weber_1@gmail.de', N'+49 617 3571438', NULL, 1, 3)\r\n","INSERT [dbo].[FamilyMembers] ([Id], [FullName], [Email], [Phone], [Relationship], [isParent], [UserId]) VALUES (8, N'Kirby Weber', N'weber_2@gmail.de', N'+49 539 4974924', NULL, 1, 3)\r\n","INSERT [dbo].[FamilyMembers] ([Id], [FullName], [Email], [Phone], [Relationship], [isParent], [UserId]) VALUES (9, N'King Gillespie', NULL, N'+49 553 8571193', NULL, 0, 3)\r\n","INSERT [dbo].[FamilyMembers] ([Id], [FullName], [Email], [Phone], [Relationship], [isParent], [UserId]) VALUES (10, N'Barker Wagner', N'wagner_1@gmail.de', N'+49 803 8919670', NULL, 1, 4)\r\n","INSERT [dbo].[FamilyMembers] ([Id], [FullName], [Email], [Phone], [Relationship], [isParent], [UserId]) VALUES (11, N'Dodson Wagner', N'wagner_2@gmail.de', N'+49 584 2598827', NULL, 1, 4)\r\n","INSERT [dbo].[FamilyMembers] ([Id], [FullName], [Email], [Phone], [Relationship], [isParent], [UserId]) VALUES (12, N'Osborn Scott', NULL, N'+49 597 8824496', NULL, 0, 4)\r\n","INSERT [dbo].[FamilyMembers] ([Id], [FullName], [Email], [Phone], [Relationship], [isParent], [UserId]) VALUES (13, N'Bates Schulz', N'schulz_1@gmail.de', N'+49 286 1959149', NULL, 1, 5)\r\n","INSERT [dbo].[FamilyMembers] ([Id], [FullName], [Email], [Phone], [Relationship], [isParent], [UserId]) VALUES (14, N'Contreras Schulz', N'schulz_2@gmail.de', N'+49 386 2005776', NULL, 1, 5)\r\n","INSERT [dbo].[FamilyMembers] ([Id], [FullName], [Email], [Phone], [Relationship], [isParent], [UserId]) VALUES (15, N'Salas Neumann', N'neumann_1@gmail.de', N'+49 816 7400740', NULL, 1, 6)\r\n","INSERT [dbo].[FamilyMembers] ([Id], [FullName], [Email], [Phone], [Relationship], [isParent], [UserId]) VALUES (16, N'Cunningham Neumann', N'neumann_2@gmail.de', N'+49 986 3077730', NULL, 1, 6)\r\n","INSERT [dbo].[FamilyMembers] ([Id], [FullName], [Email], [Phone], [Relationship], [isParent], [UserId]) VALUES (17, N'Hahn Klein', N'klein_1@gmail.de', N'+49 811 4879409', NULL, 1, 7)\r\n","INSERT [dbo].[FamilyMembers] ([Id], [FullName], [Email], [Phone], [Relationship], [isParent], [UserId]) VALUES (18, N'Guerrero Klein', N'klein_2@gmail.de', N'+49 970 7989156', NULL, 1, 7)\r\n","INSERT [dbo].[FamilyMembers] ([Id], [FullName], [Email], [Phone], [Relationship], [isParent], [UserId]) VALUES (19, N'Brady Sheppard', NULL, N'+49 998 7122438', NULL, 0, 7)\r\n","INSERT [dbo].[FamilyMembers] ([Id], [FullName], [Email], [Phone], [Relationship], [isParent], [UserId]) VALUES (20, N'Henson Oliver', NULL, N'+49 358 7251258', NULL, 0, 7)\r\n","INSERT [dbo].[FamilyMembers] ([Id], [FullName], [Email], [Phone], [Relationship], [isParent], [UserId]) VALUES (21, N'Chang Wagner', N'wagner_1@gmail.de', N'+49 753 3508509', NULL, 1, 8)\r\n","INSERT [dbo].[FamilyMembers] ([Id], [FullName], [Email], [Phone], [Relationship], [isParent], [UserId]) VALUES (22, N'Klein Wagner', N'wagner_2@gmail.de', N'+49 321 8365564', NULL, 1, 8)\r\n","INSERT [dbo].[FamilyMembers] ([Id], [FullName], [Email], [Phone], [Relationship], [isParent], [UserId]) VALUES (23, N'Bush Ellison', NULL, N'+49 454 4797652', NULL, 0, 8)\r\n","INSERT [dbo].[FamilyMembers] ([Id], [FullName], [Email], [Phone], [Relationship], [isParent], [UserId]) VALUES (24, N'Jacobs Sawyer', NULL, N'+49 176 8140451', NULL, 0, 8)\r\n","INSERT [dbo].[FamilyMembers] ([Id], [FullName], [Email], [Phone], [Relationship], [isParent], [UserId]) VALUES (25, N'Vaughn Schwarz', N'schwarz_1@gmail.de', N'+49 520 8019784', NULL, 1, 9)\r\n","INSERT [dbo].[FamilyMembers] ([Id], [FullName], [Email], [Phone], [Relationship], [isParent], [UserId]) VALUES (26, N'Clements Schwarz', N'schwarz_2@gmail.de', N'+49 723 6658596', NULL, 1, 9)\r\n","INSERT [dbo].[FamilyMembers] ([Id], [FullName], [Email], [Phone], [Relationship], [isParent], [UserId]) VALUES (27, N'Sloan Kerr', NULL, N'+49 915 3307988', NULL, 0, 9)\r\n","INSERT [dbo].[FamilyMembers] ([Id], [FullName], [Email], [Phone], [Relationship], [isParent], [UserId]) VALUES (28, N'Sexton Koch', N'koch_1@gmail.de', N'+49 254 1637005', NULL, 1, 10)\r\n","INSERT [dbo].[FamilyMembers] ([Id], [FullName], [Email], [Phone], [Relationship], [isParent], [UserId]) VALUES (29, N'Browning Koch', N'koch_2@gmail.de', N'+49 519 3348718', NULL, 1, 10)\r\n","INSERT [dbo].[FamilyMembers] ([Id], [FullName], [Email], [Phone], [Relationship], [isParent], [UserId]) VALUES (30, N'Moss Becker', N'becker_1@gmail.de', N'+49 692 8048683', NULL, 1, 11)\r\n","INSERT [dbo].[FamilyMembers] ([Id], [FullName], [Email], [Phone], [Relationship], [isParent], [UserId]) VALUES (31, N'Dawson Becker', N'becker_2@gmail.de', N'+49 484 5081859', NULL, 1, 11)\r\n","INSERT [dbo].[FamilyMembers] ([Id], [FullName], [Email], [Phone], [Relationship], [isParent], [UserId]) VALUES (32, N'Mathis Hoffmann', N'hoffmann_1@gmail.de', N'+49 215 1704031', NULL, 1, 12)\r\n","INSERT [dbo].[FamilyMembers] ([Id], [FullName], [Email], [Phone], [Relationship], [isParent], [UserId]) VALUES (33, N'Hendrix Hoffmann', N'hoffmann_2@gmail.de', N'+49 638 6239524', NULL, 1, 12)\r\n","INSERT [dbo].[FamilyMembers] ([Id], [FullName], [Email], [Phone], [Relationship], [isParent], [UserId]) VALUES (34, N'Cantrell Schmidt', N'schmidt_1@gmail.de', N'+49 721 5767961', NULL, 1, 13)\r\n","INSERT [dbo].[FamilyMembers] ([Id], [FullName], [Email], [Phone], [Relationship], [isParent], [UserId]) VALUES (35, N'Miller Schmidt', N'schmidt_2@gmail.de', N'+49 521 2704610', NULL, 1, 13)\r\n","INSERT [dbo].[FamilyMembers] ([Id], [FullName], [Email], [Phone], [Relationship], [isParent], [UserId]) VALUES (36, N'Maxwell Blanchard', NULL, N'+49 737 9152766', NULL, 0, 13)\r\n","INSERT [dbo].[FamilyMembers] ([Id], [FullName], [Email], [Phone], [Relationship], [isParent], [UserId]) VALUES (37, N'Mcgee Case', NULL, N'+49 621 1221071', NULL, 0, 13)\r\n","INSERT [dbo].[FamilyMembers] ([Id], [FullName], [Email], [Phone], [Relationship], [isParent], [UserId]) VALUES (38, N'Leblanc Schulz', N'schulz_1@gmail.de', N'+49 746 6730995', NULL, 1, 14)\r\n","INSERT [dbo].[FamilyMembers] ([Id], [FullName], [Email], [Phone], [Relationship], [isParent], [UserId]) VALUES (39, N'Gross Schulz', N'schulz_2@gmail.de', N'+49 676 7419562', NULL, 1, 14)\r\n","INSERT [dbo].[FamilyMembers] ([Id], [FullName], [Email], [Phone], [Relationship], [isParent], [UserId]) VALUES (40, N'Sanchez Finley', NULL, N'+49 866 5613778', NULL, 0, 14)\r\n","INSERT [dbo].[FamilyMembers] ([Id], [FullName], [Email], [Phone], [Relationship], [isParent], [UserId]) VALUES (41, N'Hardy Klein', NULL, N'+49 242 4267343', NULL, 0, 14)\r\n","INSERT [dbo].[FamilyMembers] ([Id], [FullName], [Email], [Phone], [Relationship], [isParent], [UserId]) VALUES (42, N'Parks Neumann', N'neumann_1@gmail.de', N'+49 290 1938281', NULL, 1, 15)\r\n","INSERT [dbo].[FamilyMembers] ([Id], [FullName], [Email], [Phone], [Relationship], [isParent], [UserId]) VALUES (43, N'Gutierrez Neumann', N'neumann_2@gmail.de', N'+49 930 1093433', NULL, 1, 15)\r\n","INSERT [dbo].[FamilyMembers] ([Id], [FullName], [Email], [Phone], [Relationship], [isParent], [UserId]) VALUES (44, N'Joyce Logan', NULL, N'+49 957 4852683', NULL, 0, 15)\r\n","INSERT [dbo].[FamilyMembers] ([Id], [FullName], [Email], [Phone], [Relationship], [isParent], [UserId]) VALUES (45, N'Lopez Schulz', N'schulz_1@gmail.de', N'+49 887 7729526', NULL, 1, 16)\r\n","INSERT [dbo].[FamilyMembers] ([Id], [FullName], [Email], [Phone], [Relationship], [isParent], [UserId]) VALUES (46, N'Travis Schulz', N'schulz_2@gmail.de', N'+49 802 4039819', NULL, 1, 16)\r\n","INSERT [dbo].[FamilyMembers] ([Id], [FullName], [Email], [Phone], [Relationship], [isParent], [UserId]) VALUES (47, N'Anderson Baldwin', NULL, N'+49 541 9418447', NULL, 0, 16)\r\n","SET IDENTITY_INSERT [dbo].[FamilyMembers] OFF\r\n","GO\r\n"],"metadata":{"urn":"Server[@Name='DESKTOP-NFCHAKP']/Database[@Name='KitaDB']/Table[@Name='FamilyMembers' and @Schema='dbo']","object_type":"Table"}},{"cell_type":"markdown","source":["# [dbo].[Gallery]"],"metadata":{"urn":"Server[@Name='DESKTOP-NFCHAKP']/Database[@Name='KitaDB']/Table[@Name='Gallery' and @Schema='dbo']","object_type":"Table"}},{"outputs":[],"execution_count":0,"cell_type":"code","source":["SET IDENTITY_INSERT [dbo].[Gallery] ON \r\n","INSERT [dbo].[Gallery] ([Id], [Url], [IsMain], [PublicId], [IsApproved]) VALUES (1, N'https://res.cloudinary.com/dblma7a4a/image/upload/v1744388025/ka-net8/ww0bw3huorgxkcx6zapg.jpg', 0, N'ka-net8/ww0bw3huorgxkcx6zapg', 0)\r\n","INSERT [dbo].[Gallery] ([Id], [Url], [IsMain], [PublicId], [IsApproved]) VALUES (2, N'https://res.cloudinary.com/dblma7a4a/image/upload/v1744388102/ka-net8/cf37nuwvfysnq0d7cj8t.jpg', 0, N'ka-net8/cf37nuwvfysnq0d7cj8t', 0)\r\n","SET IDENTITY_INSERT [dbo].[Gallery] OFF\r\n","GO\r\n"],"metadata":{"urn":"Server[@Name='DESKTOP-NFCHAKP']/Database[@Name='KitaDB']/Table[@Name='Gallery' and @Schema='dbo']","object_type":"Table"}},{"cell_type":"markdown","source":["# [dbo].[Groups]"],"metadata":{"urn":"Server[@Name='DESKTOP-NFCHAKP']/Database[@Name='KitaDB']/Table[@Name='Groups' and @Schema='dbo']","object_type":"Table"}},{"outputs":[],"execution_count":0,"cell_type":"code","source":["INSERT [dbo].[Groups] ([Name]) VALUES (N'caitlin-carol')\r\n","INSERT [dbo].[Groups] ([Name]) VALUES (N'carol-carol')\r\n","INSERT [dbo].[Groups] ([Name]) VALUES (N'carol-chris')\r\n","INSERT [dbo].[Groups] ([Name]) VALUES (N'carol-christine')\r\n","INSERT [dbo].[Groups] ([Name]) VALUES (N'carol-christine_mul')\r\n","INSERT [dbo].[Groups] ([Name]) VALUES (N'carol-cross')\r\n","INSERT [dbo].[Groups] ([Name]) VALUES (N'carol-dawn')\r\n","INSERT [dbo].[Groups] ([Name]) VALUES (N'carol-george')\r\n","INSERT [dbo].[Groups] ([Name]) VALUES (N'carol-grimes')\r\n","INSERT [dbo].[Groups] ([Name]) VALUES (N'carol-melanie')\r\n","INSERT [dbo].[Groups] ([Name]) VALUES (N'carol-reilly')\r\n","INSERT [dbo].[Groups] ([Name]) VALUES (N'carol-terra')\r\n","INSERT [dbo].[Groups] ([Name]) VALUES (N'carol-whitehead')\r\n","INSERT [dbo].[Groups] ([Name]) VALUES (N'george-karol_mul')\r\n","INSERT [dbo].[Groups] ([Name]) VALUES (N'mandy-reilly')\r\n","GO\r\n"],"metadata":{"urn":"Server[@Name='DESKTOP-NFCHAKP']/Database[@Name='KitaDB']/Table[@Name='Groups' and @Schema='dbo']","object_type":"Table"}},{"cell_type":"markdown","source":["# [dbo].[Menus]"],"metadata":{"urn":"Server[@Name='DESKTOP-NFCHAKP']/Database[@Name='KitaDB']/Table[@Name='Menus' and @Schema='dbo']","object_type":"Table"}},{"outputs":[],"execution_count":0,"cell_type":"code","source":["SET IDENTITY_INSERT [dbo].[Menus] ON \r\n","INSERT [dbo].[Menus] ([Id], [Title], [Description], [TypeFoodId], [DayOfWeek], [Date], [IsActive], [ImageName]) VALUES (1, N'Breakfast for babies', N'Breast milk/bottle, Half a roll for baby', 1, 1, CAST(N'2025-04-10T22:54:07.8766667' AS DateTime2), 1, N'breakfast_babys.png')\r\n","INSERT [dbo].[Menus] ([Id], [Title], [Description], [TypeFoodId], [DayOfWeek], [Date], [IsActive], [ImageName]) VALUES (2, N'Breakfast Milk-Wheat-Corn', N'Breast milk/bottle, Grits porridge(wheat or corn)', 1, 2, CAST(N'2025-04-10T22:54:07.8800000' AS DateTime2), 1, N'breakfast_wheat_corn.png')\r\n","INSERT [dbo].[Menus] ([Id], [Title], [Description], [TypeFoodId], [DayOfWeek], [Date], [IsActive], [ImageName]) VALUES (3, N'Breakfast Milk-Bread porridge', N'Breast milk/baby bottle, Bread porridge', 1, 3, CAST(N'2025-04-10T22:54:07.8800000' AS DateTime2), 1, N'breakfast_wheat_corn.png')\r\n","INSERT [dbo].[Menus] ([Id], [Title], [Description], [TypeFoodId], [DayOfWeek], [Date], [IsActive], [ImageName]) VALUES (4, N'Breakfast Milk-Oatmeal-Pancakes and', N'Breast milk/bottle, Oatmeal and pancakes and banana', 1, 4, CAST(N'2025-04-10T22:54:07.8800000' AS DateTime2), 1, N'breakfast_pancakes.png')\r\n","INSERT [dbo].[Menus] ([Id], [Title], [Description], [TypeFoodId], [DayOfWeek], [Date], [IsActive], [ImageName]) VALUES (5, N'Breakfast Milk-Oatmeal-Pancakes and', N'Breast milk/bottle, Oatmeal and apple and apple', 1, 5, CAST(N'2025-04-10T22:54:07.8800000' AS DateTime2), 1, N'breakfast_pancakes.png')\r\n","INSERT [dbo].[Menus] ([Id], [Title], [Description], [TypeFoodId], [DayOfWeek], [Date], [IsActive], [ImageName]) VALUES (6, N'Breakfast Milk-Yogurt', N'Breast milk/bottle or Natural yogurt', 1, 0, CAST(N'2025-04-10T22:54:07.8800000' AS DateTime2), 0, N'breakfast_milk_yogurt.png')\r\n","INSERT [dbo].[Menus] ([Id], [Title], [Description], [TypeFoodId], [DayOfWeek], [Date], [IsActive], [ImageName]) VALUES (7, N'Vegetable Omelet', N'Vegetable Omelet', 2, 1, CAST(N'2025-04-10T22:54:07.8800000' AS DateTime2), 1, N'lunch_omelet.png')\r\n","INSERT [dbo].[Menus] ([Id], [Title], [Description], [TypeFoodId], [DayOfWeek], [Date], [IsActive], [ImageName]) VALUES (8, N'Chicken meatballs with pumpkin', N'Chicken meatballs with pumpkin', 2, 2, CAST(N'2025-04-10T22:54:07.8800000' AS DateTime2), 1, N'lunch_chicken.png')\r\n","INSERT [dbo].[Menus] ([Id], [Title], [Description], [TypeFoodId], [DayOfWeek], [Date], [IsActive], [ImageName]) VALUES (9, N'Salmon burger', N'Salmon burger', 2, 3, CAST(N'2025-04-10T22:54:07.8800000' AS DateTime2), 1, N'lunch_fish.png')\r\n","INSERT [dbo].[Menus] ([Id], [Title], [Description], [TypeFoodId], [DayOfWeek], [Date], [IsActive], [ImageName]) VALUES (10, N'Pasta and vegetable soup', N'Pasta and vegetable soup', 2, 4, CAST(N'2025-04-10T22:54:07.8800000' AS DateTime2), 1, N'lunch_pasta_vegetables.png')\r\n","INSERT [dbo].[Menus] ([Id], [Title], [Description], [TypeFoodId], [DayOfWeek], [Date], [IsActive], [ImageName]) VALUES (11, N'Easy beef burgers', N'Easy beef burgers', 2, 5, CAST(N'2025-04-10T22:54:07.8800000' AS DateTime2), 1, N'lunch_beef.png')\r\n","INSERT [dbo].[Menus] ([Id], [Title], [Description], [TypeFoodId], [DayOfWeek], [Date], [IsActive], [ImageName]) VALUES (12, N'Potato and hake cakes', N'Potato and hake cakes', 2, 0, CAST(N'2025-04-10T22:54:07.8800000' AS DateTime2), 0, N'lunch_fish_potato.png')\r\n","INSERT [dbo].[Menus] ([Id], [Title], [Description], [TypeFoodId], [DayOfWeek], [Date], [IsActive], [ImageName]) VALUES (15, N'Banana and avocado porridge', N'Banana and avocado porridge', 3, 1, CAST(N'2025-04-10T22:54:07.8833333' AS DateTime2), 1, N'snackt_porridge_avocado_banana.png')\r\n","INSERT [dbo].[Menus] ([Id], [Title], [Description], [TypeFoodId], [DayOfWeek], [Date], [IsActive], [ImageName]) VALUES (16, N'Natural yogurt and fruit pieces', N'Natural yogurt and fruit pieces', 3, 2, CAST(N'2025-04-10T22:54:07.8833333' AS DateTime2), 1, N'snackt_yogurt_fruits.png')\r\n","INSERT [dbo].[Menus] ([Id], [Title], [Description], [TypeFoodId], [DayOfWeek], [Date], [IsActive], [ImageName]) VALUES (17, N'Banana and apple porridge', N'Banana and apple porridge', 3, 3, CAST(N'2025-04-10T22:54:07.8833333' AS DateTime2), 1, N'snackt_porridge_fruits.png')\r\n","INSERT [dbo].[Menus] ([Id], [Title], [Description], [TypeFoodId], [DayOfWeek], [Date], [IsActive], [ImageName]) VALUES (18, N'Rice cream with kiwi', N'Rice cream with kiwi', 3, 4, CAST(N'2025-04-10T22:54:07.8833333' AS DateTime2), 1, N'snackt_ricecream_kiwi.png')\r\n","INSERT [dbo].[Menus] ([Id], [Title], [Description], [TypeFoodId], [DayOfWeek], [Date], [IsActive], [ImageName]) VALUES (19, N'Apple and carrot porridge', N'Apple and carrot porridge', 3, 5, CAST(N'2025-04-10T22:54:07.8833333' AS DateTime2), 1, N'snackt_porridge_carrot.png')\r\n","SET IDENTITY_INSERT [dbo].[Menus] OFF\r\n","GO\r\n"],"metadata":{"urn":"Server[@Name='DESKTOP-NFCHAKP']/Database[@Name='KitaDB']/Table[@Name='Menus' and @Schema='dbo']","object_type":"Table"}},{"cell_type":"markdown","source":["# [dbo].[Messages]"],"metadata":{"urn":"Server[@Name='DESKTOP-NFCHAKP']/Database[@Name='KitaDB']/Table[@Name='Messages' and @Schema='dbo']","object_type":"Table"}},{"outputs":[],"execution_count":0,"cell_type":"code","source":["SET IDENTITY_INSERT [dbo].[Messages] ON \r\n","INSERT [dbo].[Messages] ([Id], [SenderId], [SenderUsername], [RecipientId], [RecipientUsername], [Content], [DateRead], [MessageSent], [SenderDeleted], [RecipientDeleted]) VALUES (1, 17, N'carol', 1, N'george', N'Hallo George', CAST(N'2025-03-31T09:03:22.3638863' AS DateTime2), CAST(N'2025-03-31T08:19:00.7874379' AS DateTime2), 0, 0)\r\n","INSERT [dbo].[Messages] ([Id], [SenderId], [SenderUsername], [RecipientId], [RecipientUsername], [Content], [DateRead], [MessageSent], [SenderDeleted], [RecipientDeleted]) VALUES (2, 1, N'george', 17, N'carol', N'Hallo Carol', CAST(N'2025-03-31T09:08:59.9368944' AS DateTime2), CAST(N'2025-03-31T09:03:59.2232023' AS DateTime2), 0, 0)\r\n","INSERT [dbo].[Messages] ([Id], [SenderId], [SenderUsername], [RecipientId], [RecipientUsername], [Content], [DateRead], [MessageSent], [SenderDeleted], [RecipientDeleted]) VALUES (3, 1, N'george', 17, N'carol', N'Wie geht es dir?', CAST(N'2025-03-31T09:08:59.9368955' AS DateTime2), CAST(N'2025-03-31T09:06:22.8377939' AS DateTime2), 0, 0)\r\n","INSERT [dbo].[Messages] ([Id], [SenderId], [SenderUsername], [RecipientId], [RecipientUsername], [Content], [DateRead], [MessageSent], [SenderDeleted], [RecipientDeleted]) VALUES (4, 17, N'carol', 1, N'george', N'Mir geht es gut. Danke', CAST(N'2025-03-31T09:09:24.8951136' AS DateTime2), CAST(N'2025-03-31T09:09:24.8919130' AS DateTime2), 0, 0)\r\n","INSERT [dbo].[Messages] ([Id], [SenderId], [SenderUsername], [RecipientId], [RecipientUsername], [Content], [DateRead], [MessageSent], [SenderDeleted], [RecipientDeleted]) VALUES (5, 17, N'carol', 1, N'george', N'test', CAST(N'2025-04-06T22:18:00.2050476' AS DateTime2), CAST(N'2025-04-06T22:17:14.2198339' AS DateTime2), 0, 0)\r\n","INSERT [dbo].[Messages] ([Id], [SenderId], [SenderUsername], [RecipientId], [RecipientUsername], [Content], [DateRead], [MessageSent], [SenderDeleted], [RecipientDeleted]) VALUES (6, 17, N'carol', 2, N'cross', N'test', NULL, CAST(N'2025-04-06T22:17:14.3031231' AS DateTime2), 0, 0)\r\n","INSERT [dbo].[Messages] ([Id], [SenderId], [SenderUsername], [RecipientId], [RecipientUsername], [Content], [DateRead], [MessageSent], [SenderDeleted], [RecipientDeleted]) VALUES (7, 17, N'carol', 3, N'grimes', N'test', NULL, CAST(N'2025-04-06T22:17:14.3147830' AS DateTime2), 0, 0)\r\n","INSERT [dbo].[Messages] ([Id], [SenderId], [SenderUsername], [RecipientId], [RecipientUsername], [Content], [DateRead], [MessageSent], [SenderDeleted], [RecipientDeleted]) VALUES (8, 17, N'carol', 4, N'reilly', N'test', CAST(N'2025-04-19T11:35:12.4112684' AS DateTime2), CAST(N'2025-04-06T22:17:14.3251634' AS DateTime2), 0, 0)\r\n","INSERT [dbo].[Messages] ([Id], [SenderId], [SenderUsername], [RecipientId], [RecipientUsername], [Content], [DateRead], [MessageSent], [SenderDeleted], [RecipientDeleted]) VALUES (9, 17, N'carol', 5, N'frye', N'test', NULL, CAST(N'2025-04-06T22:17:14.3367955' AS DateTime2), 0, 0)\r\n","INSERT [dbo].[Messages] ([Id], [SenderId], [SenderUsername], [RecipientId], [RecipientUsername], [Content], [DateRead], [MessageSent], [SenderDeleted], [RecipientDeleted]) VALUES (10, 17, N'carol', 6, N'whitehead', N'test', NULL, CAST(N'2025-04-06T22:17:14.3469956' AS DateTime2), 0, 0)\r\n","INSERT [dbo].[Messages] ([Id], [SenderId], [SenderUsername], [RecipientId], [RecipientUsername], [Content], [DateRead], [MessageSent], [SenderDeleted], [RecipientDeleted]) VALUES (11, 17, N'carol', 7, N'hyde', N'test', NULL, CAST(N'2025-04-06T22:17:14.3574813' AS DateTime2), 0, 0)\r\n","INSERT [dbo].[Messages] ([Id], [SenderId], [SenderUsername], [RecipientId], [RecipientUsername], [Content], [DateRead], [MessageSent], [SenderDeleted], [RecipientDeleted]) VALUES (12, 17, N'carol', 8, N'joseph', N'test', NULL, CAST(N'2025-04-06T22:17:14.3687763' AS DateTime2), 0, 0)\r\n","INSERT [dbo].[Messages] ([Id], [SenderId], [SenderUsername], [RecipientId], [RecipientUsername], [Content], [DateRead], [MessageSent], [SenderDeleted], [RecipientDeleted]) VALUES (13, 17, N'carol', 9, N'caitlin', N'test', NULL, CAST(N'2025-04-06T22:17:14.3782544' AS DateTime2), 0, 0)\r\n","INSERT [dbo].[Messages] ([Id], [SenderId], [SenderUsername], [RecipientId], [RecipientUsername], [Content], [DateRead], [MessageSent], [SenderDeleted], [RecipientDeleted]) VALUES (14, 17, N'carol', 10, N'phyllis', N'test', NULL, CAST(N'2025-04-06T22:17:14.3900335' AS DateTime2), 0, 0)\r\n","INSERT [dbo].[Messages] ([Id], [SenderId], [SenderUsername], [RecipientId], [RecipientUsername], [Content], [DateRead], [MessageSent], [SenderDeleted], [RecipientDeleted]) VALUES (15, 17, N'carol', 11, N'marissa', N'test', NULL, CAST(N'2025-04-06T22:17:14.4016071' AS DateTime2), 0, 0)\r\n","INSERT [dbo].[Messages] ([Id], [SenderId], [SenderUsername], [RecipientId], [RecipientUsername], [Content], [DateRead], [MessageSent], [SenderDeleted], [RecipientDeleted]) VALUES (16, 17, N'carol', 12, N'eve', N'test', NULL, CAST(N'2025-04-06T22:17:14.4110179' AS DateTime2), 0, 0)\r\n","INSERT [dbo].[Messages] ([Id], [SenderId], [SenderUsername], [RecipientId], [RecipientUsername], [Content], [DateRead], [MessageSent], [SenderDeleted], [RecipientDeleted]) VALUES (17, 17, N'carol', 13, N'terra', N'test', NULL, CAST(N'2025-04-06T22:17:14.4224639' AS DateTime2), 0, 0)\r\n","INSERT [dbo].[Messages] ([Id], [SenderId], [SenderUsername], [RecipientId], [RecipientUsername], [Content], [DateRead], [MessageSent], [SenderDeleted], [RecipientDeleted]) VALUES (18, 17, N'carol', 14, N'dawn', N'test', NULL, CAST(N'2025-04-06T22:17:14.4335387' AS DateTime2), 0, 0)\r\n","INSERT [dbo].[Messages] ([Id], [SenderId], [SenderUsername], [RecipientId], [RecipientUsername], [Content], [DateRead], [MessageSent], [SenderDeleted], [RecipientDeleted]) VALUES (19, 17, N'carol', 15, N'melanie', N'test', NULL, CAST(N'2025-04-06T22:17:14.4432776' AS DateTime2), 0, 0)\r\n","INSERT [dbo].[Messages] ([Id], [SenderId], [SenderUsername], [RecipientId], [RecipientUsername], [Content], [DateRead], [MessageSent], [SenderDeleted], [RecipientDeleted]) VALUES (20, 17, N'carol', 16, N'frieda', N'test', NULL, CAST(N'2025-04-06T22:17:14.4546465' AS DateTime2), 0, 0)\r\n","INSERT [dbo].[Messages] ([Id], [SenderId], [SenderUsername], [RecipientId], [RecipientUsername], [Content], [DateRead], [MessageSent], [SenderDeleted], [RecipientDeleted]) VALUES (21, 17, N'carol', 17, N'carol', N'test', CAST(N'2025-04-06T22:17:14.4708611' AS DateTime2), CAST(N'2025-04-06T22:17:14.4684701' AS DateTime2), 0, 0)\r\n","INSERT [dbo].[Messages] ([Id], [SenderId], [SenderUsername], [RecipientId], [RecipientUsername], [Content], [DateRead], [MessageSent], [SenderDeleted], [RecipientDeleted]) VALUES (22, 1, N'george', 1, N'george', N'???', CAST(N'2025-04-16T21:48:43.0152746' AS DateTime2), CAST(N'2025-04-06T22:18:14.6381339' AS DateTime2), 0, 0)\r\n","INSERT [dbo].[Messages] ([Id], [SenderId], [SenderUsername], [RecipientId], [RecipientUsername], [Content], [DateRead], [MessageSent], [SenderDeleted], [RecipientDeleted]) VALUES (23, 1, N'george', 17, N'carol', N'?', CAST(N'2025-04-06T22:21:33.1131852' AS DateTime2), CAST(N'2025-04-06T22:20:38.1384783' AS DateTime2), 0, 0)\r\n","INSERT [dbo].[Messages] ([Id], [SenderId], [SenderUsername], [RecipientId], [RecipientUsername], [Content], [DateRead], [MessageSent], [SenderDeleted], [RecipientDeleted]) VALUES (24, 17, N'carol', 1, N'george', N'it is only a test, sorry', CAST(N'2025-04-06T22:23:35.4873292' AS DateTime2), CAST(N'2025-04-06T22:22:32.1739123' AS DateTime2), 0, 0)\r\n","INSERT [dbo].[Messages] ([Id], [SenderId], [SenderUsername], [RecipientId], [RecipientUsername], [Content], [DateRead], [MessageSent], [SenderDeleted], [RecipientDeleted]) VALUES (25, 1, N'george', 17, N'carol', N'ok', CAST(N'2025-04-06T22:23:45.3660817' AS DateTime2), CAST(N'2025-04-06T22:23:45.3637915' AS DateTime2), 0, 0)\r\n","INSERT [dbo].[Messages] ([Id], [SenderId], [SenderUsername], [RecipientId], [RecipientUsername], [Content], [DateRead], [MessageSent], [SenderDeleted], [RecipientDeleted]) VALUES (26, 17, N'carol', 1, N'george', N'test 16042025', CAST(N'2025-04-16T21:49:07.5518798' AS DateTime2), CAST(N'2025-04-16T21:41:37.7319964' AS DateTime2), 0, 0)\r\n","INSERT [dbo].[Messages] ([Id], [SenderId], [SenderUsername], [RecipientId], [RecipientUsername], [Content], [DateRead], [MessageSent], [SenderDeleted], [RecipientDeleted]) VALUES (27, 17, N'carol', 2, N'chris', N'test 16042025', CAST(N'2025-04-18T16:04:21.8022451' AS DateTime2), CAST(N'2025-04-16T21:41:41.0240512' AS DateTime2), 0, 0)\r\n","INSERT [dbo].[Messages] ([Id], [SenderId], [SenderUsername], [RecipientId], [RecipientUsername], [Content], [DateRead], [MessageSent], [SenderDeleted], [RecipientDeleted]) VALUES (28, 17, N'carol', 3, N'grimes', N'test 16042025', NULL, CAST(N'2025-04-16T21:41:42.6520027' AS DateTime2), 0, 0)\r\n","INSERT [dbo].[Messages] ([Id], [SenderId], [SenderUsername], [RecipientId], [RecipientUsername], [Content], [DateRead], [MessageSent], [SenderDeleted], [RecipientDeleted]) VALUES (29, 17, N'carol', 4, N'reilly', N'test 16042025', CAST(N'2025-04-19T11:35:12.4112691' AS DateTime2), CAST(N'2025-04-16T21:41:43.5206378' AS DateTime2), 0, 0)\r\n","INSERT [dbo].[Messages] ([Id], [SenderId], [SenderUsername], [RecipientId], [RecipientUsername], [Content], [DateRead], [MessageSent], [SenderDeleted], [RecipientDeleted]) VALUES (30, 17, N'carol', 5, N'frye', N'test 16042025', NULL, CAST(N'2025-04-16T21:41:44.4737513' AS DateTime2), 0, 0)\r\n","INSERT [dbo].[Messages] ([Id], [SenderId], [SenderUsername], [RecipientId], [RecipientUsername], [Content], [DateRead], [MessageSent], [SenderDeleted], [RecipientDeleted]) VALUES (31, 17, N'carol', 6, N'whitehead', N'test 16042025', NULL, CAST(N'2025-04-16T21:41:45.3736345' AS DateTime2), 0, 0)\r\n","INSERT [dbo].[Messages] ([Id], [SenderId], [SenderUsername], [RecipientId], [RecipientUsername], [Content], [DateRead], [MessageSent], [SenderDeleted], [RecipientDeleted]) VALUES (32, 17, N'carol', 7, N'hyde', N'test 16042025', NULL, CAST(N'2025-04-16T21:41:48.9803674' AS DateTime2), 0, 0)\r\n","INSERT [dbo].[Messages] ([Id], [SenderId], [SenderUsername], [RecipientId], [RecipientUsername], [Content], [DateRead], [MessageSent], [SenderDeleted], [RecipientDeleted]) VALUES (33, 17, N'carol', 8, N'joseph', N'test 16042025', NULL, CAST(N'2025-04-16T21:41:48.9978153' AS DateTime2), 0, 0)\r\n","INSERT [dbo].[Messages] ([Id], [SenderId], [SenderUsername], [RecipientId], [RecipientUsername], [Content], [DateRead], [MessageSent], [SenderDeleted], [RecipientDeleted]) VALUES (34, 17, N'carol', 9, N'caitlin', N'test 16042025', NULL, CAST(N'2025-04-16T21:41:49.0115942' AS DateTime2), 0, 0)\r\n","INSERT [dbo].[Messages] ([Id], [SenderId], [SenderUsername], [RecipientId], [RecipientUsername], [Content], [DateRead], [MessageSent], [SenderDeleted], [RecipientDeleted]) VALUES (35, 17, N'carol', 10, N'phyllis', N'test 16042025', NULL, CAST(N'2025-04-16T21:41:49.0252916' AS DateTime2), 0, 0)\r\n","INSERT [dbo].[Messages] ([Id], [SenderId], [SenderUsername], [RecipientId], [RecipientUsername], [Content], [DateRead], [MessageSent], [SenderDeleted], [RecipientDeleted]) VALUES (36, 17, N'carol', 11, N'marissa', N'test 16042025', NULL, CAST(N'2025-04-16T21:41:49.0384434' AS DateTime2), 0, 0)\r\n","INSERT [dbo].[Messages] ([Id], [SenderId], [SenderUsername], [RecipientId], [RecipientUsername], [Content], [DateRead], [MessageSent], [SenderDeleted], [RecipientDeleted]) VALUES (37, 17, N'carol', 12, N'eve', N'test 16042025', NULL, CAST(N'2025-04-16T21:41:49.0718453' AS DateTime2), 0, 0)\r\n","INSERT [dbo].[Messages] ([Id], [SenderId], [SenderUsername], [RecipientId], [RecipientUsername], [Content], [DateRead], [MessageSent], [SenderDeleted], [RecipientDeleted]) VALUES (38, 17, N'carol', 13, N'terra', N'test 16042025', NULL, CAST(N'2025-04-16T21:41:49.1176243' AS DateTime2), 0, 0)\r\n","INSERT [dbo].[Messages] ([Id], [SenderId], [SenderUsername], [RecipientId], [RecipientUsername], [Content], [DateRead], [MessageSent], [SenderDeleted], [RecipientDeleted]) VALUES (39, 17, N'carol', 14, N'dawn', N'test 16042025', NULL, CAST(N'2025-04-16T21:41:49.1343283' AS DateTime2), 0, 0)\r\n","INSERT [dbo].[Messages] ([Id], [SenderId], [SenderUsername], [RecipientId], [RecipientUsername], [Content], [DateRead], [MessageSent], [SenderDeleted], [RecipientDeleted]) VALUES (40, 17, N'carol', 15, N'melanie', N'test 16042025', NULL, CAST(N'2025-04-16T21:41:49.1566486' AS DateTime2), 0, 0)\r\n","INSERT [dbo].[Messages] ([Id], [SenderId], [SenderUsername], [RecipientId], [RecipientUsername], [Content], [DateRead], [MessageSent], [SenderDeleted], [RecipientDeleted]) VALUES (41, 17, N'carol', 16, N'frieda', N'test 16042025', NULL, CAST(N'2025-04-16T21:41:49.1754298' AS DateTime2), 0, 0)\r\n","INSERT [dbo].[Messages] ([Id], [SenderId], [SenderUsername], [RecipientId], [RecipientUsername], [Content], [DateRead], [MessageSent], [SenderDeleted], [RecipientDeleted]) VALUES (42, 17, N'carol', 1, N'george', N'test16042025', CAST(N'2025-04-16T21:49:07.5518810' AS DateTime2), CAST(N'2025-04-16T21:46:10.7726219' AS DateTime2), 0, 0)\r\n","INSERT [dbo].[Messages] ([Id], [SenderId], [SenderUsername], [RecipientId], [RecipientUsername], [Content], [DateRead], [MessageSent], [SenderDeleted], [RecipientDeleted]) VALUES (43, 17, N'carol', 2, N'chris', N'test16042025', CAST(N'2025-04-18T16:04:21.8023520' AS DateTime2), CAST(N'2025-04-16T21:46:11.9762671' AS DateTime2), 0, 0)\r\n","INSERT [dbo].[Messages] ([Id], [SenderId], [SenderUsername], [RecipientId], [RecipientUsername], [Content], [DateRead], [MessageSent], [SenderDeleted], [RecipientDeleted]) VALUES (44, 17, N'carol', 3, N'grimes', N'test16042025', NULL, CAST(N'2025-04-16T21:46:12.9246804' AS DateTime2), 0, 0)\r\n","INSERT [dbo].[Messages] ([Id], [SenderId], [SenderUsername], [RecipientId], [RecipientUsername], [Content], [DateRead], [MessageSent], [SenderDeleted], [RecipientDeleted]) VALUES (45, 17, N'carol', 4, N'reilly', N'test16042025', CAST(N'2025-04-19T11:35:12.4112695' AS DateTime2), CAST(N'2025-04-16T21:46:13.5167529' AS DateTime2), 0, 0)\r\n","INSERT [dbo].[Messages] ([Id], [SenderId], [SenderUsername], [RecipientId], [RecipientUsername], [Content], [DateRead], [MessageSent], [SenderDeleted], [RecipientDeleted]) VALUES (46, 17, N'carol', 5, N'frye', N'test16042025', NULL, CAST(N'2025-04-16T21:46:14.0899916' AS DateTime2), 0, 0)\r\n","INSERT [dbo].[Messages] ([Id], [SenderId], [SenderUsername], [RecipientId], [RecipientUsername], [Content], [DateRead], [MessageSent], [SenderDeleted], [RecipientDeleted]) VALUES (47, 17, N'carol', 6, N'whitehead', N'test16042025', NULL, CAST(N'2025-04-16T21:46:14.6910837' AS DateTime2), 0, 0)\r\n","INSERT [dbo].[Messages] ([Id], [SenderId], [SenderUsername], [RecipientId], [RecipientUsername], [Content], [DateRead], [MessageSent], [SenderDeleted], [RecipientDeleted]) VALUES (48, 17, N'carol', 7, N'hyde', N'test16042025', NULL, CAST(N'2025-04-16T21:46:15.3096275' AS DateTime2), 0, 0)\r\n","INSERT [dbo].[Messages] ([Id], [SenderId], [SenderUsername], [RecipientId], [RecipientUsername], [Content], [DateRead], [MessageSent], [SenderDeleted], [RecipientDeleted]) VALUES (49, 17, N'carol', 8, N'joseph', N'test16042025', NULL, CAST(N'2025-04-16T21:46:15.9213826' AS DateTime2), 0, 0)\r\n","INSERT [dbo].[Messages] ([Id], [SenderId], [SenderUsername], [RecipientId], [RecipientUsername], [Content], [DateRead], [MessageSent], [SenderDeleted], [RecipientDeleted]) VALUES (50, 17, N'carol', 9, N'caitlin', N'test16042025', NULL, CAST(N'2025-04-16T21:46:17.0433303' AS DateTime2), 0, 0)\r\n","INSERT [dbo].[Messages] ([Id], [SenderId], [SenderUsername], [RecipientId], [RecipientUsername], [Content], [DateRead], [MessageSent], [SenderDeleted], [RecipientDeleted]) VALUES (51, 17, N'carol', 10, N'phyllis', N'test16042025', NULL, CAST(N'2025-04-16T21:46:21.9442492' AS DateTime2), 0, 0)\r\n","INSERT [dbo].[Messages] ([Id], [SenderId], [SenderUsername], [RecipientId], [RecipientUsername], [Content], [DateRead], [MessageSent], [SenderDeleted], [RecipientDeleted]) VALUES (52, 17, N'carol', 11, N'marissa', N'test16042025', NULL, CAST(N'2025-04-16T21:46:21.9624076' AS DateTime2), 0, 0)\r\n","INSERT [dbo].[Messages] ([Id], [SenderId], [SenderUsername], [RecipientId], [RecipientUsername], [Content], [DateRead], [MessageSent], [SenderDeleted], [RecipientDeleted]) VALUES (53, 17, N'carol', 12, N'eve', N'test16042025', NULL, CAST(N'2025-04-16T21:46:21.9762805' AS DateTime2), 0, 0)\r\n","INSERT [dbo].[Messages] ([Id], [SenderId], [SenderUsername], [RecipientId], [RecipientUsername], [Content], [DateRead], [MessageSent], [SenderDeleted], [RecipientDeleted]) VALUES (54, 17, N'carol', 13, N'terra', N'test16042025', NULL, CAST(N'2025-04-16T21:46:22.0191033' AS DateTime2), 0, 0)\r\n","INSERT [dbo].[Messages] ([Id], [SenderId], [SenderUsername], [RecipientId], [RecipientUsername], [Content], [DateRead], [MessageSent], [SenderDeleted], [RecipientDeleted]) VALUES (55, 17, N'carol', 14, N'dawn', N'test16042025', NULL, CAST(N'2025-04-16T21:46:22.0337227' AS DateTime2), 0, 0)\r\n","INSERT [dbo].[Messages] ([Id], [SenderId], [SenderUsername], [RecipientId], [RecipientUsername], [Content], [DateRead], [MessageSent], [SenderDeleted], [RecipientDeleted]) VALUES (56, 17, N'carol', 15, N'melanie', N'test16042025', NULL, CAST(N'2025-04-16T21:46:22.0483895' AS DateTime2), 0, 0)\r\n","INSERT [dbo].[Messages] ([Id], [SenderId], [SenderUsername], [RecipientId], [RecipientUsername], [Content], [DateRead], [MessageSent], [SenderDeleted], [RecipientDeleted]) VALUES (57, 17, N'carol', 16, N'frieda', N'test16042025', NULL, CAST(N'2025-04-16T21:46:22.0622501' AS DateTime2), 0, 0)\r\n","INSERT [dbo].[Messages] ([Id], [SenderId], [SenderUsername], [RecipientId], [RecipientUsername], [Content], [DateRead], [MessageSent], [SenderDeleted], [RecipientDeleted]) VALUES (58, 17, N'carol', 9, N'caitlin', N'this message is only for you', NULL, CAST(N'2025-04-18T15:55:26.4608219' AS DateTime2), 0, 0)\r\n","INSERT [dbo].[Messages] ([Id], [SenderId], [SenderUsername], [RecipientId], [RecipientUsername], [Content], [DateRead], [MessageSent], [SenderDeleted], [RecipientDeleted]) VALUES (59, 17, N'carol', 6, N'whitehead', N'this message is for everybody', NULL, CAST(N'2025-04-18T15:56:36.1053172' AS DateTime2), 0, 0)\r\n","INSERT [dbo].[Messages] ([Id], [SenderId], [SenderUsername], [RecipientId], [RecipientUsername], [Content], [DateRead], [MessageSent], [SenderDeleted], [RecipientDeleted]) VALUES (60, 17, N'carol', 4, N'reilly', N'this message is for everybody', CAST(N'2025-04-19T11:35:12.4112697' AS DateTime2), CAST(N'2025-04-18T15:56:36.1315911' AS DateTime2), 0, 0)\r\n","INSERT [dbo].[Messages] ([Id], [SenderId], [SenderUsername], [RecipientId], [RecipientUsername], [Content], [DateRead], [MessageSent], [SenderDeleted], [RecipientDeleted]) VALUES (61, 17, N'carol', 9, N'caitlin', N'this message is for everybody', NULL, CAST(N'2025-04-18T15:56:36.1434639' AS DateTime2), 0, 0)\r\n","INSERT [dbo].[Messages] ([Id], [SenderId], [SenderUsername], [RecipientId], [RecipientUsername], [Content], [DateRead], [MessageSent], [SenderDeleted], [RecipientDeleted]) VALUES (62, 17, N'carol', 2, N'chris', N'this message is for everybody', CAST(N'2025-04-18T16:04:21.8023522' AS DateTime2), CAST(N'2025-04-18T15:56:36.1538365' AS DateTime2), 0, 0)\r\n","INSERT [dbo].[Messages] ([Id], [SenderId], [SenderUsername], [RecipientId], [RecipientUsername], [Content], [DateRead], [MessageSent], [SenderDeleted], [RecipientDeleted]) VALUES (63, 17, N'carol', 3, N'grimes', N'this message is for everybody', NULL, CAST(N'2025-04-18T15:56:36.1675969' AS DateTime2), 0, 0)\r\n","INSERT [dbo].[Messages] ([Id], [SenderId], [SenderUsername], [RecipientId], [RecipientUsername], [Content], [DateRead], [MessageSent], [SenderDeleted], [RecipientDeleted]) VALUES (64, 17, N'carol', 16, N'frieda', N'this message is for everybody', NULL, CAST(N'2025-04-18T15:56:36.1821054' AS DateTime2), 0, 0)\r\n","INSERT [dbo].[Messages] ([Id], [SenderId], [SenderUsername], [RecipientId], [RecipientUsername], [Content], [DateRead], [MessageSent], [SenderDeleted], [RecipientDeleted]) VALUES (65, 17, N'carol', 10, N'phyllis', N'this message is for everybody', NULL, CAST(N'2025-04-18T15:56:36.1994598' AS DateTime2), 0, 0)\r\n","INSERT [dbo].[Messages] ([Id], [SenderId], [SenderUsername], [RecipientId], [RecipientUsername], [Content], [DateRead], [MessageSent], [SenderDeleted], [RecipientDeleted]) VALUES (66, 17, N'carol', 7, N'hyde', N'this message is for everybody', NULL, CAST(N'2025-04-18T15:56:36.2152298' AS DateTime2), 0, 0)\r\n","INSERT [dbo].[Messages] ([Id], [SenderId], [SenderUsername], [RecipientId], [RecipientUsername], [Content], [DateRead], [MessageSent], [SenderDeleted], [RecipientDeleted]) VALUES (67, 17, N'carol', 12, N'eve', N'this message is for everybody', NULL, CAST(N'2025-04-18T15:56:36.2776625' AS DateTime2), 0, 0)\r\n","INSERT [dbo].[Messages] ([Id], [SenderId], [SenderUsername], [RecipientId], [RecipientUsername], [Content], [DateRead], [MessageSent], [SenderDeleted], [RecipientDeleted]) VALUES (68, 17, N'carol', 14, N'dawn', N'this message is for everybody', NULL, CAST(N'2025-04-18T15:56:36.3080494' AS DateTime2), 0, 0)\r\n","INSERT [dbo].[Messages] ([Id], [SenderId], [SenderUsername], [RecipientId], [RecipientUsername], [Content], [DateRead], [MessageSent], [SenderDeleted], [RecipientDeleted]) VALUES (69, 17, N'carol', 11, N'marissa', N'this message is for everybody', NULL, CAST(N'2025-04-18T15:56:36.3421173' AS DateTime2), 0, 0)\r\n","INSERT [dbo].[Messages] ([Id], [SenderId], [SenderUsername], [RecipientId], [RecipientUsername], [Content], [DateRead], [MessageSent], [SenderDeleted], [RecipientDeleted]) VALUES (70, 17, N'carol', 8, N'joseph', N'this message is for everybody', NULL, CAST(N'2025-04-18T15:56:36.3590714' AS DateTime2), 0, 0)\r\n","INSERT [dbo].[Messages] ([Id], [SenderId], [SenderUsername], [RecipientId], [RecipientUsername], [Content], [DateRead], [MessageSent], [SenderDeleted], [RecipientDeleted]) VALUES (71, 17, N'carol', 5, N'frye', N'this message is for everybody', NULL, CAST(N'2025-04-18T15:56:36.3781459' AS DateTime2), 0, 0)\r\n","INSERT [dbo].[Messages] ([Id], [SenderId], [SenderUsername], [RecipientId], [RecipientUsername], [Content], [DateRead], [MessageSent], [SenderDeleted], [RecipientDeleted]) VALUES (72, 17, N'carol', 15, N'melanie', N'this message is for everybody', NULL, CAST(N'2025-04-18T15:56:36.3925727' AS DateTime2), 0, 0)\r\n","INSERT [dbo].[Messages] ([Id], [SenderId], [SenderUsername], [RecipientId], [RecipientUsername], [Content], [DateRead], [MessageSent], [SenderDeleted], [RecipientDeleted]) VALUES (73, 17, N'carol', 13, N'terra', N'this message is for everybody', NULL, CAST(N'2025-04-18T15:56:36.4046745' AS DateTime2), 0, 0)\r\n","INSERT [dbo].[Messages] ([Id], [SenderId], [SenderUsername], [RecipientId], [RecipientUsername], [Content], [DateRead], [MessageSent], [SenderDeleted], [RecipientDeleted]) VALUES (74, 17, N'carol', 1, N'george', N'this message is for everybody', CAST(N'2025-04-19T11:29:58.1056949' AS DateTime2), CAST(N'2025-04-18T15:56:36.4169279' AS DateTime2), 0, 0)\r\n","INSERT [dbo].[Messages] ([Id], [SenderId], [SenderUsername], [RecipientId], [RecipientUsername], [Content], [DateRead], [MessageSent], [SenderDeleted], [RecipientDeleted]) VALUES (75, 17, N'carol', 9, N'caitlin', N'I got it', NULL, CAST(N'2025-04-18T15:58:41.5780658' AS DateTime2), 0, 0)\r\n","INSERT [dbo].[Messages] ([Id], [SenderId], [SenderUsername], [RecipientId], [RecipientUsername], [Content], [DateRead], [MessageSent], [SenderDeleted], [RecipientDeleted]) VALUES (76, 17, N'carol', 6, N'whitehead', N'Did you recieve it?', NULL, CAST(N'2025-04-18T16:03:14.7494528' AS DateTime2), 0, 0)\r\n","INSERT [dbo].[Messages] ([Id], [SenderId], [SenderUsername], [RecipientId], [RecipientUsername], [Content], [DateRead], [MessageSent], [SenderDeleted], [RecipientDeleted]) VALUES (77, 17, N'carol', 4, N'reilly', N'Did you recieve it?', CAST(N'2025-04-19T11:35:12.4112698' AS DateTime2), CAST(N'2025-04-18T16:03:14.7849033' AS DateTime2), 0, 0)\r\n","INSERT [dbo].[Messages] ([Id], [SenderId], [SenderUsername], [RecipientId], [RecipientUsername], [Content], [DateRead], [MessageSent], [SenderDeleted], [RecipientDeleted]) VALUES (78, 17, N'carol', 9, N'caitlin', N'Did you recieve it?', NULL, CAST(N'2025-04-18T16:03:14.8161890' AS DateTime2), 0, 0)\r\n","INSERT [dbo].[Messages] ([Id], [SenderId], [SenderUsername], [RecipientId], [RecipientUsername], [Content], [DateRead], [MessageSent], [SenderDeleted], [RecipientDeleted]) VALUES (79, 17, N'carol', 2, N'chris', N'Did you recieve it?', CAST(N'2025-04-18T16:04:21.8023526' AS DateTime2), CAST(N'2025-04-18T16:03:14.8457985' AS DateTime2), 0, 0)\r\n","INSERT [dbo].[Messages] ([Id], [SenderId], [SenderUsername], [RecipientId], [RecipientUsername], [Content], [DateRead], [MessageSent], [SenderDeleted], [RecipientDeleted]) VALUES (80, 17, N'carol', 3, N'grimes', N'Did you recieve it?', NULL, CAST(N'2025-04-18T16:03:14.8674348' AS DateTime2), 0, 0)\r\n","INSERT [dbo].[Messages] ([Id], [SenderId], [SenderUsername], [RecipientId], [RecipientUsername], [Content], [DateRead], [MessageSent], [SenderDeleted], [RecipientDeleted]) VALUES (81, 17, N'carol', 16, N'frieda', N'Did you recieve it?', NULL, CAST(N'2025-04-18T16:03:14.8810129' AS DateTime2), 0, 0)\r\n","INSERT [dbo].[Messages] ([Id], [SenderId], [SenderUsername], [RecipientId], [RecipientUsername], [Content], [DateRead], [MessageSent], [SenderDeleted], [RecipientDeleted]) VALUES (82, 17, N'carol', 10, N'phyllis', N'Did you recieve it?', NULL, CAST(N'2025-04-18T16:03:14.8931159' AS DateTime2), 0, 0)\r\n","INSERT [dbo].[Messages] ([Id], [SenderId], [SenderUsername], [RecipientId], [RecipientUsername], [Content], [DateRead], [MessageSent], [SenderDeleted], [RecipientDeleted]) VALUES (83, 17, N'carol', 7, N'hyde', N'Did you recieve it?', NULL, CAST(N'2025-04-18T16:03:14.9052203' AS DateTime2), 0, 0)\r\n","INSERT [dbo].[Messages] ([Id], [SenderId], [SenderUsername], [RecipientId], [RecipientUsername], [Content], [DateRead], [MessageSent], [SenderDeleted], [RecipientDeleted]) VALUES (84, 17, N'carol', 12, N'eve', N'Did you recieve it?', NULL, CAST(N'2025-04-18T16:03:14.9177929' AS DateTime2), 0, 0)\r\n","INSERT [dbo].[Messages] ([Id], [SenderId], [SenderUsername], [RecipientId], [RecipientUsername], [Content], [DateRead], [MessageSent], [SenderDeleted], [RecipientDeleted]) VALUES (85, 17, N'carol', 14, N'dawn', N'Did you recieve it?', NULL, CAST(N'2025-04-18T16:03:14.9330068' AS DateTime2), 0, 0)\r\n","INSERT [dbo].[Messages] ([Id], [SenderId], [SenderUsername], [RecipientId], [RecipientUsername], [Content], [DateRead], [MessageSent], [SenderDeleted], [RecipientDeleted]) VALUES (86, 17, N'carol', 11, N'marissa', N'Did you recieve it?', NULL, CAST(N'2025-04-18T16:03:14.9505479' AS DateTime2), 0, 0)\r\n","INSERT [dbo].[Messages] ([Id], [SenderId], [SenderUsername], [RecipientId], [RecipientUsername], [Content], [DateRead], [MessageSent], [SenderDeleted], [RecipientDeleted]) VALUES (87, 17, N'carol', 8, N'joseph', N'Did you recieve it?', NULL, CAST(N'2025-04-18T16:03:14.9662240' AS DateTime2), 0, 0)\r\n","INSERT [dbo].[Messages] ([Id], [SenderId], [SenderUsername], [RecipientId], [RecipientUsername], [Content], [DateRead], [MessageSent], [SenderDeleted], [RecipientDeleted]) VALUES (88, 17, N'carol', 5, N'frye', N'Did you recieve it?', NULL, CAST(N'2025-04-18T16:03:14.9821687' AS DateTime2), 0, 0)\r\n","INSERT [dbo].[Messages] ([Id], [SenderId], [SenderUsername], [RecipientId], [RecipientUsername], [Content], [DateRead], [MessageSent], [SenderDeleted], [RecipientDeleted]) VALUES (89, 17, N'carol', 15, N'melanie', N'Did you recieve it?', NULL, CAST(N'2025-04-18T16:03:15.0401310' AS DateTime2), 0, 0)\r\n","INSERT [dbo].[Messages] ([Id], [SenderId], [SenderUsername], [RecipientId], [RecipientUsername], [Content], [DateRead], [MessageSent], [SenderDeleted], [RecipientDeleted]) VALUES (90, 17, N'carol', 13, N'terra', N'Did you recieve it?', NULL, CAST(N'2025-04-18T16:03:15.0699332' AS DateTime2), 0, 0)\r\n","INSERT [dbo].[Messages] ([Id], [SenderId], [SenderUsername], [RecipientId], [RecipientUsername], [Content], [DateRead], [MessageSent], [SenderDeleted], [RecipientDeleted]) VALUES (91, 17, N'carol', 1, N'george', N'Did you recieve it?', CAST(N'2025-04-19T11:29:58.1057657' AS DateTime2), CAST(N'2025-04-18T16:03:15.0986923' AS DateTime2), 0, 0)\r\n","INSERT [dbo].[Messages] ([Id], [SenderId], [SenderUsername], [RecipientId], [RecipientUsername], [Content], [DateRead], [MessageSent], [SenderDeleted], [RecipientDeleted]) VALUES (92, 2, N'chris', 17, N'carol', N'yes, I did', CAST(N'2025-04-18T16:04:29.3616150' AS DateTime2), CAST(N'2025-04-18T16:04:29.3573676' AS DateTime2), 0, 0)\r\n","INSERT [dbo].[Messages] ([Id], [SenderId], [SenderUsername], [RecipientId], [RecipientUsername], [Content], [DateRead], [MessageSent], [SenderDeleted], [RecipientDeleted]) VALUES (93, 2, N'chris', 17, N'carol', N'thank you', CAST(N'2025-04-18T16:12:28.3093915' AS DateTime2), CAST(N'2025-04-18T16:10:29.7293235' AS DateTime2), 0, 0)\r\n","INSERT [dbo].[Messages] ([Id], [SenderId], [SenderUsername], [RecipientId], [RecipientUsername], [Content], [DateRead], [MessageSent], [SenderDeleted], [RecipientDeleted]) VALUES (94, 17, N'carol', 6, N'whitehead', N'you are most welcomed', NULL, CAST(N'2025-04-18T16:19:55.4388041' AS DateTime2), 0, 0)\r\n","INSERT [dbo].[Messages] ([Id], [SenderId], [SenderUsername], [RecipientId], [RecipientUsername], [Content], [DateRead], [MessageSent], [SenderDeleted], [RecipientDeleted]) VALUES (95, 17, N'carol', 4, N'reilly', N'you are most welcomed', CAST(N'2025-04-19T11:35:12.4112699' AS DateTime2), CAST(N'2025-04-18T16:19:55.4600040' AS DateTime2), 0, 0)\r\n","INSERT [dbo].[Messages] ([Id], [SenderId], [SenderUsername], [RecipientId], [RecipientUsername], [Content], [DateRead], [MessageSent], [SenderDeleted], [RecipientDeleted]) VALUES (96, 17, N'carol', 9, N'caitlin', N'you are most welcomed', NULL, CAST(N'2025-04-18T16:19:55.4743848' AS DateTime2), 0, 0)\r\n","INSERT [dbo].[Messages] ([Id], [SenderId], [SenderUsername], [RecipientId], [RecipientUsername], [Content], [DateRead], [MessageSent], [SenderDeleted], [RecipientDeleted]) VALUES (97, 17, N'carol', 3, N'grimes', N'you are most welcomed', NULL, CAST(N'2025-04-18T16:19:55.4972520' AS DateTime2), 0, 0)\r\n","INSERT [dbo].[Messages] ([Id], [SenderId], [SenderUsername], [RecipientId], [RecipientUsername], [Content], [DateRead], [MessageSent], [SenderDeleted], [RecipientDeleted]) VALUES (98, 17, N'carol', 16, N'frieda', N'you are most welcomed', NULL, CAST(N'2025-04-18T16:19:55.5385605' AS DateTime2), 0, 0)\r\n","INSERT [dbo].[Messages] ([Id], [SenderId], [SenderUsername], [RecipientId], [RecipientUsername], [Content], [DateRead], [MessageSent], [SenderDeleted], [RecipientDeleted]) VALUES (99, 17, N'carol', 10, N'phyllis', N'you are most welcomed', NULL, CAST(N'2025-04-18T16:19:55.5569988' AS DateTime2), 0, 0)\r\n","GO\r\n"],"metadata":{"urn":"Server[@Name='DESKTOP-NFCHAKP']/Database[@Name='KitaDB']/Table[@Name='Messages' and @Schema='dbo']","object_type":"Table"}},{"outputs":[],"execution_count":0,"cell_type":"code","source":["INSERT [dbo].[Messages] ([Id], [SenderId], [SenderUsername], [RecipientId], [RecipientUsername], [Content], [DateRead], [MessageSent], [SenderDeleted], [RecipientDeleted]) VALUES (100, 17, N'carol', 7, N'hyde', N'you are most welcomed', NULL, CAST(N'2025-04-18T16:19:55.5742087' AS DateTime2), 0, 0)\r\n","INSERT [dbo].[Messages] ([Id], [SenderId], [SenderUsername], [RecipientId], [RecipientUsername], [Content], [DateRead], [MessageSent], [SenderDeleted], [RecipientDeleted]) VALUES (101, 17, N'carol', 12, N'eve', N'you are most welcomed', NULL, CAST(N'2025-04-18T16:19:55.5907997' AS DateTime2), 0, 0)\r\n","INSERT [dbo].[Messages] ([Id], [SenderId], [SenderUsername], [RecipientId], [RecipientUsername], [Content], [DateRead], [MessageSent], [SenderDeleted], [RecipientDeleted]) VALUES (102, 17, N'carol', 14, N'dawn', N'you are most welcomed', NULL, CAST(N'2025-04-18T16:19:55.6086954' AS DateTime2), 0, 0)\r\n","INSERT [dbo].[Messages] ([Id], [SenderId], [SenderUsername], [RecipientId], [RecipientUsername], [Content], [DateRead], [MessageSent], [SenderDeleted], [RecipientDeleted]) VALUES (103, 17, N'carol', 11, N'marissa', N'you are most welcomed', NULL, CAST(N'2025-04-18T16:19:55.6297640' AS DateTime2), 0, 0)\r\n","INSERT [dbo].[Messages] ([Id], [SenderId], [SenderUsername], [RecipientId], [RecipientUsername], [Content], [DateRead], [MessageSent], [SenderDeleted], [RecipientDeleted]) VALUES (104, 17, N'carol', 8, N'joseph', N'you are most welcomed', NULL, CAST(N'2025-04-18T16:19:55.6477183' AS DateTime2), 0, 0)\r\n","INSERT [dbo].[Messages] ([Id], [SenderId], [SenderUsername], [RecipientId], [RecipientUsername], [Content], [DateRead], [MessageSent], [SenderDeleted], [RecipientDeleted]) VALUES (105, 17, N'carol', 5, N'frye', N'you are most welcomed', NULL, CAST(N'2025-04-18T16:19:55.6699805' AS DateTime2), 0, 0)\r\n","INSERT [dbo].[Messages] ([Id], [SenderId], [SenderUsername], [RecipientId], [RecipientUsername], [Content], [DateRead], [MessageSent], [SenderDeleted], [RecipientDeleted]) VALUES (106, 17, N'carol', 15, N'melanie', N'you are most welcomed', NULL, CAST(N'2025-04-18T16:19:55.6862631' AS DateTime2), 0, 0)\r\n","INSERT [dbo].[Messages] ([Id], [SenderId], [SenderUsername], [RecipientId], [RecipientUsername], [Content], [DateRead], [MessageSent], [SenderDeleted], [RecipientDeleted]) VALUES (107, 17, N'carol', 13, N'terra', N'you are most welcomed', NULL, CAST(N'2025-04-18T16:19:55.6991875' AS DateTime2), 0, 0)\r\n","INSERT [dbo].[Messages] ([Id], [SenderId], [SenderUsername], [RecipientId], [RecipientUsername], [Content], [DateRead], [MessageSent], [SenderDeleted], [RecipientDeleted]) VALUES (108, 17, N'carol', 2, N'chris', N'you are most welcomed', CAST(N'2025-04-19T11:33:41.7107738' AS DateTime2), CAST(N'2025-04-18T16:19:55.7140986' AS DateTime2), 0, 0)\r\n","INSERT [dbo].[Messages] ([Id], [SenderId], [SenderUsername], [RecipientId], [RecipientUsername], [Content], [DateRead], [MessageSent], [SenderDeleted], [RecipientDeleted]) VALUES (109, 17, N'carol', 1, N'george', N'you are most welcomed', CAST(N'2025-04-19T11:29:58.1057658' AS DateTime2), CAST(N'2025-04-18T16:19:55.7530170' AS DateTime2), 0, 0)\r\n","INSERT [dbo].[Messages] ([Id], [SenderId], [SenderUsername], [RecipientId], [RecipientUsername], [Content], [DateRead], [MessageSent], [SenderDeleted], [RecipientDeleted]) VALUES (110, 17, N'carol', 2, N'chris', N'chris', CAST(N'2025-04-19T11:33:41.7107744' AS DateTime2), CAST(N'2025-04-18T16:20:32.9188526' AS DateTime2), 0, 0)\r\n","INSERT [dbo].[Messages] ([Id], [SenderId], [SenderUsername], [RecipientId], [RecipientUsername], [Content], [DateRead], [MessageSent], [SenderDeleted], [RecipientDeleted]) VALUES (111, 17, N'carol', 4, N'reilly', N'kkk', CAST(N'2025-04-19T11:35:12.4112701' AS DateTime2), CAST(N'2025-04-18T16:25:15.5637982' AS DateTime2), 1, 0)\r\n","INSERT [dbo].[Messages] ([Id], [SenderId], [SenderUsername], [RecipientId], [RecipientUsername], [Content], [DateRead], [MessageSent], [SenderDeleted], [RecipientDeleted]) VALUES (112, 17, N'carol', 4, N'reilly', N'for Reilly', CAST(N'2025-04-19T11:35:12.4112702' AS DateTime2), CAST(N'2025-04-18T16:28:11.1742643' AS DateTime2), 1, 0)\r\n","INSERT [dbo].[Messages] ([Id], [SenderId], [SenderUsername], [RecipientId], [RecipientUsername], [Content], [DateRead], [MessageSent], [SenderDeleted], [RecipientDeleted]) VALUES (113, 17, N'carol', 4, N'reilly', N'for Reilly1', CAST(N'2025-04-19T11:35:12.4112703' AS DateTime2), CAST(N'2025-04-18T16:40:11.1145187' AS DateTime2), 1, 0)\r\n","INSERT [dbo].[Messages] ([Id], [SenderId], [SenderUsername], [RecipientId], [RecipientUsername], [Content], [DateRead], [MessageSent], [SenderDeleted], [RecipientDeleted]) VALUES (114, 17, N'carol', 4, N'reilly', N'for Reilly2', CAST(N'2025-04-19T11:35:12.4112705' AS DateTime2), CAST(N'2025-04-18T16:41:17.4348255' AS DateTime2), 1, 0)\r\n","INSERT [dbo].[Messages] ([Id], [SenderId], [SenderUsername], [RecipientId], [RecipientUsername], [Content], [DateRead], [MessageSent], [SenderDeleted], [RecipientDeleted]) VALUES (115, 17, N'carol', 4, N'reilly', N'for Reilly 3', CAST(N'2025-04-19T11:35:12.4112706' AS DateTime2), CAST(N'2025-04-18T16:44:50.9883521' AS DateTime2), 1, 0)\r\n","INSERT [dbo].[Messages] ([Id], [SenderId], [SenderUsername], [RecipientId], [RecipientUsername], [Content], [DateRead], [MessageSent], [SenderDeleted], [RecipientDeleted]) VALUES (116, 17, N'carol', 4, N'reilly', N'for Reilly 4', CAST(N'2025-04-19T11:35:12.4112708' AS DateTime2), CAST(N'2025-04-18T17:00:27.5360019' AS DateTime2), 1, 0)\r\n","INSERT [dbo].[Messages] ([Id], [SenderId], [SenderUsername], [RecipientId], [RecipientUsername], [Content], [DateRead], [MessageSent], [SenderDeleted], [RecipientDeleted]) VALUES (117, 17, N'carol', 4, N'reilly', N'for Reilly 5', CAST(N'2025-04-19T11:35:12.4112722' AS DateTime2), CAST(N'2025-04-18T17:10:22.1051208' AS DateTime2), 1, 0)\r\n","INSERT [dbo].[Messages] ([Id], [SenderId], [SenderUsername], [RecipientId], [RecipientUsername], [Content], [DateRead], [MessageSent], [SenderDeleted], [RecipientDeleted]) VALUES (118, 17, N'carol', 4, N'reilly', N'for Reilly 6', CAST(N'2025-04-19T11:35:12.4112724' AS DateTime2), CAST(N'2025-04-18T20:27:38.8216638' AS DateTime2), 1, 0)\r\n","INSERT [dbo].[Messages] ([Id], [SenderId], [SenderUsername], [RecipientId], [RecipientUsername], [Content], [DateRead], [MessageSent], [SenderDeleted], [RecipientDeleted]) VALUES (119, 17, N'carol', 4, N'reilly', N'for Reilly7', CAST(N'2025-04-19T11:35:12.4112726' AS DateTime2), CAST(N'2025-04-18T20:35:28.3015760' AS DateTime2), 1, 0)\r\n","INSERT [dbo].[Messages] ([Id], [SenderId], [SenderUsername], [RecipientId], [RecipientUsername], [Content], [DateRead], [MessageSent], [SenderDeleted], [RecipientDeleted]) VALUES (120, 17, N'carol', 4, N'reilly', N'for Reilly 8', CAST(N'2025-04-19T11:35:12.4112726' AS DateTime2), CAST(N'2025-04-18T20:38:05.2047627' AS DateTime2), 1, 0)\r\n","INSERT [dbo].[Messages] ([Id], [SenderId], [SenderUsername], [RecipientId], [RecipientUsername], [Content], [DateRead], [MessageSent], [SenderDeleted], [RecipientDeleted]) VALUES (121, 17, N'carol', 4, N'reilly', N'for Reilly 9', CAST(N'2025-04-19T11:35:12.4112729' AS DateTime2), CAST(N'2025-04-18T21:47:41.4780086' AS DateTime2), 1, 0)\r\n","INSERT [dbo].[Messages] ([Id], [SenderId], [SenderUsername], [RecipientId], [RecipientUsername], [Content], [DateRead], [MessageSent], [SenderDeleted], [RecipientDeleted]) VALUES (122, 17, N'carol', 4, N'reilly', N'for Reilly 10', CAST(N'2025-04-19T11:35:12.4112731' AS DateTime2), CAST(N'2025-04-18T21:55:31.8984328' AS DateTime2), 1, 0)\r\n","INSERT [dbo].[Messages] ([Id], [SenderId], [SenderUsername], [RecipientId], [RecipientUsername], [Content], [DateRead], [MessageSent], [SenderDeleted], [RecipientDeleted]) VALUES (123, 17, N'carol', 4, N'reilly', N'11', CAST(N'2025-04-19T11:35:12.4112731' AS DateTime2), CAST(N'2025-04-18T22:00:38.0395545' AS DateTime2), 1, 0)\r\n","INSERT [dbo].[Messages] ([Id], [SenderId], [SenderUsername], [RecipientId], [RecipientUsername], [Content], [DateRead], [MessageSent], [SenderDeleted], [RecipientDeleted]) VALUES (124, 17, N'carol', 4, N'reilly', N'12', CAST(N'2025-04-19T11:35:12.4112732' AS DateTime2), CAST(N'2025-04-18T22:08:11.0177386' AS DateTime2), 1, 0)\r\n","INSERT [dbo].[Messages] ([Id], [SenderId], [SenderUsername], [RecipientId], [RecipientUsername], [Content], [DateRead], [MessageSent], [SenderDeleted], [RecipientDeleted]) VALUES (125, 17, N'carol', 4, N'reilly', N'13', CAST(N'2025-04-19T11:35:12.4112733' AS DateTime2), CAST(N'2025-04-18T22:10:22.1514195' AS DateTime2), 1, 0)\r\n","INSERT [dbo].[Messages] ([Id], [SenderId], [SenderUsername], [RecipientId], [RecipientUsername], [Content], [DateRead], [MessageSent], [SenderDeleted], [RecipientDeleted]) VALUES (126, 17, N'carol', 4, N'reilly', N'14', CAST(N'2025-04-19T11:35:12.4112735' AS DateTime2), CAST(N'2025-04-18T22:18:00.7486907' AS DateTime2), 1, 0)\r\n","INSERT [dbo].[Messages] ([Id], [SenderId], [SenderUsername], [RecipientId], [RecipientUsername], [Content], [DateRead], [MessageSent], [SenderDeleted], [RecipientDeleted]) VALUES (127, 17, N'carol', 4, N'reilly', N'15', CAST(N'2025-04-19T11:35:12.4112736' AS DateTime2), CAST(N'2025-04-18T22:19:13.6512542' AS DateTime2), 1, 0)\r\n","INSERT [dbo].[Messages] ([Id], [SenderId], [SenderUsername], [RecipientId], [RecipientUsername], [Content], [DateRead], [MessageSent], [SenderDeleted], [RecipientDeleted]) VALUES (128, 17, N'carol', 4, N'reilly', N'16', CAST(N'2025-04-19T11:35:12.4112737' AS DateTime2), CAST(N'2025-04-18T22:25:06.6102438' AS DateTime2), 1, 0)\r\n","INSERT [dbo].[Messages] ([Id], [SenderId], [SenderUsername], [RecipientId], [RecipientUsername], [Content], [DateRead], [MessageSent], [SenderDeleted], [RecipientDeleted]) VALUES (129, 17, N'carol', 4, N'reilly', N'17', CAST(N'2025-04-19T11:35:12.4112738' AS DateTime2), CAST(N'2025-04-18T22:32:55.7212548' AS DateTime2), 1, 0)\r\n","INSERT [dbo].[Messages] ([Id], [SenderId], [SenderUsername], [RecipientId], [RecipientUsername], [Content], [DateRead], [MessageSent], [SenderDeleted], [RecipientDeleted]) VALUES (130, 17, N'carol', 4, N'reilly', N'18', CAST(N'2025-04-19T11:35:12.4112738' AS DateTime2), CAST(N'2025-04-18T22:34:14.6241444' AS DateTime2), 1, 0)\r\n","INSERT [dbo].[Messages] ([Id], [SenderId], [SenderUsername], [RecipientId], [RecipientUsername], [Content], [DateRead], [MessageSent], [SenderDeleted], [RecipientDeleted]) VALUES (131, 17, N'carol', 4, N'reilly', N'19', CAST(N'2025-04-19T11:35:12.4112739' AS DateTime2), CAST(N'2025-04-18T22:35:23.3203807' AS DateTime2), 1, 0)\r\n","INSERT [dbo].[Messages] ([Id], [SenderId], [SenderUsername], [RecipientId], [RecipientUsername], [Content], [DateRead], [MessageSent], [SenderDeleted], [RecipientDeleted]) VALUES (132, 17, N'carol', 4, N'reilly', N'20', CAST(N'2025-04-19T11:35:12.4112739' AS DateTime2), CAST(N'2025-04-18T22:41:43.4434168' AS DateTime2), 1, 0)\r\n","INSERT [dbo].[Messages] ([Id], [SenderId], [SenderUsername], [RecipientId], [RecipientUsername], [Content], [DateRead], [MessageSent], [SenderDeleted], [RecipientDeleted]) VALUES (133, 17, N'carol', 4, N'reilly', N'21', CAST(N'2025-04-19T11:35:12.4112739' AS DateTime2), CAST(N'2025-04-18T22:45:38.0550829' AS DateTime2), 1, 0)\r\n","INSERT [dbo].[Messages] ([Id], [SenderId], [SenderUsername], [RecipientId], [RecipientUsername], [Content], [DateRead], [MessageSent], [SenderDeleted], [RecipientDeleted]) VALUES (134, 17, N'carol', 4, N'reilly', N'22', CAST(N'2025-04-19T11:35:12.4112740' AS DateTime2), CAST(N'2025-04-18T23:04:52.3475872' AS DateTime2), 1, 0)\r\n","INSERT [dbo].[Messages] ([Id], [SenderId], [SenderUsername], [RecipientId], [RecipientUsername], [Content], [DateRead], [MessageSent], [SenderDeleted], [RecipientDeleted]) VALUES (135, 17, N'carol', 4, N'reilly', N'23', CAST(N'2025-04-19T11:35:12.4112740' AS DateTime2), CAST(N'2025-04-18T23:07:38.3338115' AS DateTime2), 1, 0)\r\n","INSERT [dbo].[Messages] ([Id], [SenderId], [SenderUsername], [RecipientId], [RecipientUsername], [Content], [DateRead], [MessageSent], [SenderDeleted], [RecipientDeleted]) VALUES (136, 17, N'carol', 4, N'reilly', N'24', CAST(N'2025-04-19T11:35:12.4112741' AS DateTime2), CAST(N'2025-04-18T23:13:52.5031601' AS DateTime2), 1, 0)\r\n","INSERT [dbo].[Messages] ([Id], [SenderId], [SenderUsername], [RecipientId], [RecipientUsername], [Content], [DateRead], [MessageSent], [SenderDeleted], [RecipientDeleted]) VALUES (137, 17, N'carol', 4, N'reilly', N'25', CAST(N'2025-04-19T11:35:12.4112741' AS DateTime2), CAST(N'2025-04-18T23:14:26.4429816' AS DateTime2), 1, 0)\r\n","INSERT [dbo].[Messages] ([Id], [SenderId], [SenderUsername], [RecipientId], [RecipientUsername], [Content], [DateRead], [MessageSent], [SenderDeleted], [RecipientDeleted]) VALUES (138, 17, N'carol', 4, N'reilly', N'26', CAST(N'2025-04-19T11:35:12.4112742' AS DateTime2), CAST(N'2025-04-18T23:16:39.9446037' AS DateTime2), 1, 0)\r\n","INSERT [dbo].[Messages] ([Id], [SenderId], [SenderUsername], [RecipientId], [RecipientUsername], [Content], [DateRead], [MessageSent], [SenderDeleted], [RecipientDeleted]) VALUES (139, 17, N'carol', 4, N'reilly', N'27', CAST(N'2025-04-19T11:35:12.4112744' AS DateTime2), CAST(N'2025-04-18T23:31:32.6318626' AS DateTime2), 1, 0)\r\n","INSERT [dbo].[Messages] ([Id], [SenderId], [SenderUsername], [RecipientId], [RecipientUsername], [Content], [DateRead], [MessageSent], [SenderDeleted], [RecipientDeleted]) VALUES (140, 17, N'carol', 4, N'reilly', N'28', CAST(N'2025-04-19T11:35:12.4112745' AS DateTime2), CAST(N'2025-04-18T23:35:09.6528583' AS DateTime2), 1, 0)\r\n","INSERT [dbo].[Messages] ([Id], [SenderId], [SenderUsername], [RecipientId], [RecipientUsername], [Content], [DateRead], [MessageSent], [SenderDeleted], [RecipientDeleted]) VALUES (141, 2, N'chris', 17, N'carol', N'hi Carol', CAST(N'2025-04-22T08:39:13.3410625' AS DateTime2), CAST(N'2025-04-22T08:38:25.4665039' AS DateTime2), 0, 0)\r\n","INSERT [dbo].[Messages] ([Id], [SenderId], [SenderUsername], [RecipientId], [RecipientUsername], [Content], [DateRead], [MessageSent], [SenderDeleted], [RecipientDeleted]) VALUES (142, 17, N'carol', 2, N'chris', N'how are you Chris?', CAST(N'2025-04-22T08:39:26.2255695' AS DateTime2), CAST(N'2025-04-22T08:39:26.2196059' AS DateTime2), 0, 0)\r\n","INSERT [dbo].[Messages] ([Id], [SenderId], [SenderUsername], [RecipientId], [RecipientUsername], [Content], [DateRead], [MessageSent], [SenderDeleted], [RecipientDeleted]) VALUES (143, 1, N'george', 17, N'carol', N'123', NULL, CAST(N'2025-04-24T23:41:33.7684960' AS DateTime2), 0, 0)\r\n","SET IDENTITY_INSERT [dbo].[Messages] OFF\r\n","GO\r\n"],"metadata":{"urn":"Server[@Name='DESKTOP-NFCHAKP']/Database[@Name='KitaDB']/Table[@Name='Messages' and @Schema='dbo']","object_type":"Table"}},{"cell_type":"markdown","source":["# [dbo].[Notifications]"],"metadata":{"urn":"Server[@Name='DESKTOP-NFCHAKP']/Database[@Name='KitaDB']/Table[@Name='Notifications' and @Schema='dbo']","object_type":"Table"}},{"outputs":[],"execution_count":0,"cell_type":"code","source":["SET IDENTITY_INSERT [dbo].[Notifications] ON \r\n","INSERT [dbo].[Notifications] ([Id], [Description]) VALUES (1, N'Bring diapers')\r\n","INSERT [dbo].[Notifications] ([Id], [Description]) VALUES (3, N'Bring rain gear')\r\n","INSERT [dbo].[Notifications] ([Id], [Description]) VALUES (5, N'Bring change of clothes')\r\n","SET IDENTITY_INSERT [dbo].[Notifications] OFF\r\n","GO\r\n"],"metadata":{"urn":"Server[@Name='DESKTOP-NFCHAKP']/Database[@Name='KitaDB']/Table[@Name='Notifications' and @Schema='dbo']","object_type":"Table"}},{"cell_type":"markdown","source":["# [dbo].[TutorPhotos]"],"metadata":{"urn":"Server[@Name='DESKTOP-NFCHAKP']/Database[@Name='KitaDB']/Table[@Name='TutorPhotos' and @Schema='dbo']","object_type":"Table"}},{"outputs":[],"execution_count":0,"cell_type":"code","source":["SET IDENTITY_INSERT [dbo].[TutorPhotos] ON \r\n","INSERT [dbo].[TutorPhotos] ([Id], [TutorId], [Url], [IsMain], [PublicId], [IsApproved]) VALUES (1, 1, N'https://randomuser.me/api/portraits/women/71.jpg', 1, NULL, 0)\r\n","INSERT [dbo].[TutorPhotos] ([Id], [TutorId], [Url], [IsMain], [PublicId], [IsApproved]) VALUES (2, 2, N'https://randomuser.me/api/portraits/women/4.jpg', 1, NULL, 0)\r\n","INSERT [dbo].[TutorPhotos] ([Id], [TutorId], [Url], [IsMain], [PublicId], [IsApproved]) VALUES (3, 3, N'https://randomuser.me/api/portraits/women/32.jpg', 1, NULL, 0)\r\n","SET IDENTITY_INSERT [dbo].[TutorPhotos] OFF\r\n","GO\r\n"],"metadata":{"urn":"Server[@Name='DESKTOP-NFCHAKP']/Database[@Name='KitaDB']/Table[@Name='TutorPhotos' and @Schema='dbo']","object_type":"Table"}},{"cell_type":"markdown","source":["# [dbo].[Tutors]"],"metadata":{"urn":"Server[@Name='DESKTOP-NFCHAKP']/Database[@Name='KitaDB']/Table[@Name='Tutors' and @Schema='dbo']","object_type":"Table"}},{"outputs":[],"execution_count":0,"cell_type":"code","source":["SET IDENTITY_INSERT [dbo].[Tutors] ON \r\n","INSERT [dbo].[Tutors] ([Id], [FullName], [DateOfBirth], [Email], [Phone], [Created], [LastActive], [Description]) VALUES (1, N'Karol Müller', CAST(N'0001-01-01' AS Date), N'karol_mul@gmail.com', NULL, CAST(N'2022-06-19T08:04:21.3630000' AS DateTime2), CAST(N'2025-06-21T19:16:52.3020000' AS DateTime2), NULL)\r\n","INSERT [dbo].[Tutors] ([Id], [FullName], [DateOfBirth], [Email], [Phone], [Created], [LastActive], [Description]) VALUES (2, N'Mandy Müller', CAST(N'0001-01-01' AS Date), N'mandy_mul@gmail.com', NULL, CAST(N'2023-10-03T11:49:32.0530000' AS DateTime2), CAST(N'2025-06-23T07:25:28.8770000' AS DateTime2), NULL)\r\n","INSERT [dbo].[Tutors] ([Id], [FullName], [DateOfBirth], [Email], [Phone], [Created], [LastActive], [Description]) VALUES (3, N'Christine Müller', CAST(N'0001-01-01' AS Date), N'christine_mul@gmail.com', NULL, CAST(N'2022-02-27T16:55:37.1120000' AS DateTime2), CAST(N'2025-05-12T16:52:47.0680000' AS DateTime2), NULL)\r\n","SET IDENTITY_INSERT [dbo].[Tutors] OFF\r\n","GO\r\n"],"metadata":{"urn":"Server[@Name='DESKTOP-NFCHAKP']/Database[@Name='KitaDB']/Table[@Name='Tutors' and @Schema='dbo']","object_type":"Table"}},{"cell_type":"markdown","source":["# [dbo].[UserCalendars]"],"metadata":{"urn":"Server[@Name='DESKTOP-NFCHAKP']/Database[@Name='KitaDB']/Table[@Name='UserCalendars' and @Schema='dbo']","object_type":"Table"}},{"outputs":[],"execution_count":0,"cell_type":"code","source":["INSERT [dbo].[UserCalendars] ([UserId], [CalendarId]) VALUES (1, 1)\r\n","INSERT [dbo].[UserCalendars] ([UserId], [CalendarId]) VALUES (2, 1)\r\n","INSERT [dbo].[UserCalendars] ([UserId], [CalendarId]) VALUES (3, 1)\r\n","INSERT [dbo].[UserCalendars] ([UserId], [CalendarId]) VALUES (4, 1)\r\n","INSERT [dbo].[UserCalendars] ([UserId], [CalendarId]) VALUES (5, 1)\r\n","INSERT [dbo].[UserCalendars] ([UserId], [CalendarId]) VALUES (6, 1)\r\n","INSERT [dbo].[UserCalendars] ([UserId], [CalendarId]) VALUES (7, 1)\r\n","INSERT [dbo].[UserCalendars] ([UserId], [CalendarId]) VALUES (8, 1)\r\n","INSERT [dbo].[UserCalendars] ([UserId], [CalendarId]) VALUES (9, 1)\r\n","INSERT [dbo].[UserCalendars] ([UserId], [CalendarId]) VALUES (10, 1)\r\n","INSERT [dbo].[UserCalendars] ([UserId], [CalendarId]) VALUES (11, 1)\r\n","INSERT [dbo].[UserCalendars] ([UserId], [CalendarId]) VALUES (12, 1)\r\n","INSERT [dbo].[UserCalendars] ([UserId], [CalendarId]) VALUES (13, 1)\r\n","INSERT [dbo].[UserCalendars] ([UserId], [CalendarId]) VALUES (14, 1)\r\n","INSERT [dbo].[UserCalendars] ([UserId], [CalendarId]) VALUES (15, 1)\r\n","INSERT [dbo].[UserCalendars] ([UserId], [CalendarId]) VALUES (16, 1)\r\n","INSERT [dbo].[UserCalendars] ([UserId], [CalendarId]) VALUES (17, 1)\r\n","INSERT [dbo].[UserCalendars] ([UserId], [CalendarId]) VALUES (1, 2)\r\n","INSERT [dbo].[UserCalendars] ([UserId], [CalendarId]) VALUES (2, 2)\r\n","INSERT [dbo].[UserCalendars] ([UserId], [CalendarId]) VALUES (3, 2)\r\n","INSERT [dbo].[UserCalendars] ([UserId], [CalendarId]) VALUES (4, 2)\r\n","INSERT [dbo].[UserCalendars] ([UserId], [CalendarId]) VALUES (5, 2)\r\n","INSERT [dbo].[UserCalendars] ([UserId], [CalendarId]) VALUES (6, 2)\r\n","INSERT [dbo].[UserCalendars] ([UserId], [CalendarId]) VALUES (7, 2)\r\n","INSERT [dbo].[UserCalendars] ([UserId], [CalendarId]) VALUES (8, 2)\r\n","INSERT [dbo].[UserCalendars] ([UserId], [CalendarId]) VALUES (9, 2)\r\n","INSERT [dbo].[UserCalendars] ([UserId], [CalendarId]) VALUES (10, 2)\r\n","INSERT [dbo].[UserCalendars] ([UserId], [CalendarId]) VALUES (11, 2)\r\n","INSERT [dbo].[UserCalendars] ([UserId], [CalendarId]) VALUES (12, 2)\r\n","INSERT [dbo].[UserCalendars] ([UserId], [CalendarId]) VALUES (13, 2)\r\n","INSERT [dbo].[UserCalendars] ([UserId], [CalendarId]) VALUES (14, 2)\r\n","INSERT [dbo].[UserCalendars] ([UserId], [CalendarId]) VALUES (15, 2)\r\n","INSERT [dbo].[UserCalendars] ([UserId], [CalendarId]) VALUES (16, 2)\r\n","INSERT [dbo].[UserCalendars] ([UserId], [CalendarId]) VALUES (17, 2)\r\n","INSERT [dbo].[UserCalendars] ([UserId], [CalendarId]) VALUES (1, 3)\r\n","INSERT [dbo].[UserCalendars] ([UserId], [CalendarId]) VALUES (2, 3)\r\n","INSERT [dbo].[UserCalendars] ([UserId], [CalendarId]) VALUES (3, 3)\r\n","INSERT [dbo].[UserCalendars] ([UserId], [CalendarId]) VALUES (4, 3)\r\n","INSERT [dbo].[UserCalendars] ([UserId], [CalendarId]) VALUES (5, 3)\r\n","INSERT [dbo].[UserCalendars] ([UserId], [CalendarId]) VALUES (6, 3)\r\n","INSERT [dbo].[UserCalendars] ([UserId], [CalendarId]) VALUES (7, 3)\r\n","INSERT [dbo].[UserCalendars] ([UserId], [CalendarId]) VALUES (8, 3)\r\n","INSERT [dbo].[UserCalendars] ([UserId], [CalendarId]) VALUES (9, 3)\r\n","INSERT [dbo].[UserCalendars] ([UserId], [CalendarId]) VALUES (10, 3)\r\n","INSERT [dbo].[UserCalendars] ([UserId], [CalendarId]) VALUES (11, 3)\r\n","INSERT [dbo].[UserCalendars] ([UserId], [CalendarId]) VALUES (12, 3)\r\n","INSERT [dbo].[UserCalendars] ([UserId], [CalendarId]) VALUES (13, 3)\r\n","INSERT [dbo].[UserCalendars] ([UserId], [CalendarId]) VALUES (14, 3)\r\n","INSERT [dbo].[UserCalendars] ([UserId], [CalendarId]) VALUES (15, 3)\r\n","INSERT [dbo].[UserCalendars] ([UserId], [CalendarId]) VALUES (16, 3)\r\n","INSERT [dbo].[UserCalendars] ([UserId], [CalendarId]) VALUES (17, 3)\r\n","INSERT [dbo].[UserCalendars] ([UserId], [CalendarId]) VALUES (1, 4)\r\n","INSERT [dbo].[UserCalendars] ([UserId], [CalendarId]) VALUES (2, 4)\r\n","INSERT [dbo].[UserCalendars] ([UserId], [CalendarId]) VALUES (3, 4)\r\n","INSERT [dbo].[UserCalendars] ([UserId], [CalendarId]) VALUES (4, 4)\r\n","INSERT [dbo].[UserCalendars] ([UserId], [CalendarId]) VALUES (5, 4)\r\n","INSERT [dbo].[UserCalendars] ([UserId], [CalendarId]) VALUES (6, 4)\r\n","INSERT [dbo].[UserCalendars] ([UserId], [CalendarId]) VALUES (7, 4)\r\n","INSERT [dbo].[UserCalendars] ([UserId], [CalendarId]) VALUES (8, 4)\r\n","INSERT [dbo].[UserCalendars] ([UserId], [CalendarId]) VALUES (9, 4)\r\n","INSERT [dbo].[UserCalendars] ([UserId], [CalendarId]) VALUES (10, 4)\r\n","INSERT [dbo].[UserCalendars] ([UserId], [CalendarId]) VALUES (11, 4)\r\n","INSERT [dbo].[UserCalendars] ([UserId], [CalendarId]) VALUES (12, 4)\r\n","INSERT [dbo].[UserCalendars] ([UserId], [CalendarId]) VALUES (13, 4)\r\n","INSERT [dbo].[UserCalendars] ([UserId], [CalendarId]) VALUES (14, 4)\r\n","INSERT [dbo].[UserCalendars] ([UserId], [CalendarId]) VALUES (15, 4)\r\n","INSERT [dbo].[UserCalendars] ([UserId], [CalendarId]) VALUES (16, 4)\r\n","INSERT [dbo].[UserCalendars] ([UserId], [CalendarId]) VALUES (17, 4)\r\n","INSERT [dbo].[UserCalendars] ([UserId], [CalendarId]) VALUES (1, 5)\r\n","INSERT [dbo].[UserCalendars] ([UserId], [CalendarId]) VALUES (2, 5)\r\n","INSERT [dbo].[UserCalendars] ([UserId], [CalendarId]) VALUES (3, 5)\r\n","INSERT [dbo].[UserCalendars] ([UserId], [CalendarId]) VALUES (4, 5)\r\n","INSERT [dbo].[UserCalendars] ([UserId], [CalendarId]) VALUES (5, 5)\r\n","INSERT [dbo].[UserCalendars] ([UserId], [CalendarId]) VALUES (6, 5)\r\n","INSERT [dbo].[UserCalendars] ([UserId], [CalendarId]) VALUES (7, 5)\r\n","INSERT [dbo].[UserCalendars] ([UserId], [CalendarId]) VALUES (8, 5)\r\n","INSERT [dbo].[UserCalendars] ([UserId], [CalendarId]) VALUES (9, 5)\r\n","INSERT [dbo].[UserCalendars] ([UserId], [CalendarId]) VALUES (10, 5)\r\n","INSERT [dbo].[UserCalendars] ([UserId], [CalendarId]) VALUES (11, 5)\r\n","INSERT [dbo].[UserCalendars] ([UserId], [CalendarId]) VALUES (12, 5)\r\n","INSERT [dbo].[UserCalendars] ([UserId], [CalendarId]) VALUES (13, 5)\r\n","INSERT [dbo].[UserCalendars] ([UserId], [CalendarId]) VALUES (14, 5)\r\n","INSERT [dbo].[UserCalendars] ([UserId], [CalendarId]) VALUES (15, 5)\r\n","INSERT [dbo].[UserCalendars] ([UserId], [CalendarId]) VALUES (16, 5)\r\n","INSERT [dbo].[UserCalendars] ([UserId], [CalendarId]) VALUES (17, 5)\r\n","INSERT [dbo].[UserCalendars] ([UserId], [CalendarId]) VALUES (1, 6)\r\n","INSERT [dbo].[UserCalendars] ([UserId], [CalendarId]) VALUES (2, 6)\r\n","INSERT [dbo].[UserCalendars] ([UserId], [CalendarId]) VALUES (3, 6)\r\n","INSERT [dbo].[UserCalendars] ([UserId], [CalendarId]) VALUES (4, 6)\r\n","INSERT [dbo].[UserCalendars] ([UserId], [CalendarId]) VALUES (5, 6)\r\n","INSERT [dbo].[UserCalendars] ([UserId], [CalendarId]) VALUES (6, 6)\r\n","INSERT [dbo].[UserCalendars] ([UserId], [CalendarId]) VALUES (7, 6)\r\n","INSERT [dbo].[UserCalendars] ([UserId], [CalendarId]) VALUES (8, 6)\r\n","INSERT [dbo].[UserCalendars] ([UserId], [CalendarId]) VALUES (9, 6)\r\n","INSERT [dbo].[UserCalendars] ([UserId], [CalendarId]) VALUES (10, 6)\r\n","INSERT [dbo].[UserCalendars] ([UserId], [CalendarId]) VALUES (11, 6)\r\n","INSERT [dbo].[UserCalendars] ([UserId], [CalendarId]) VALUES (12, 6)\r\n","INSERT [dbo].[UserCalendars] ([UserId], [CalendarId]) VALUES (13, 6)\r\n","INSERT [dbo].[UserCalendars] ([UserId], [CalendarId]) VALUES (14, 6)\r\n","INSERT [dbo].[UserCalendars] ([UserId], [CalendarId]) VALUES (15, 6)\r\n","GO\r\n"],"metadata":{"urn":"Server[@Name='DESKTOP-NFCHAKP']/Database[@Name='KitaDB']/Table[@Name='UserCalendars' and @Schema='dbo']","object_type":"Table"}},{"outputs":[],"execution_count":0,"cell_type":"code","source":["INSERT [dbo].[UserCalendars] ([UserId], [CalendarId]) VALUES (16, 6)\r\n","INSERT [dbo].[UserCalendars] ([UserId], [CalendarId]) VALUES (17, 6)\r\n","INSERT [dbo].[UserCalendars] ([UserId], [CalendarId]) VALUES (1, 7)\r\n","INSERT [dbo].[UserCalendars] ([UserId], [CalendarId]) VALUES (2, 7)\r\n","INSERT [dbo].[UserCalendars] ([UserId], [CalendarId]) VALUES (3, 7)\r\n","INSERT [dbo].[UserCalendars] ([UserId], [CalendarId]) VALUES (4, 7)\r\n","INSERT [dbo].[UserCalendars] ([UserId], [CalendarId]) VALUES (5, 7)\r\n","INSERT [dbo].[UserCalendars] ([UserId], [CalendarId]) VALUES (6, 7)\r\n","INSERT [dbo].[UserCalendars] ([UserId], [CalendarId]) VALUES (7, 7)\r\n","INSERT [dbo].[UserCalendars] ([UserId], [CalendarId]) VALUES (8, 7)\r\n","INSERT [dbo].[UserCalendars] ([UserId], [CalendarId]) VALUES (9, 7)\r\n","INSERT [dbo].[UserCalendars] ([UserId], [CalendarId]) VALUES (10, 7)\r\n","INSERT [dbo].[UserCalendars] ([UserId], [CalendarId]) VALUES (11, 7)\r\n","INSERT [dbo].[UserCalendars] ([UserId], [CalendarId]) VALUES (12, 7)\r\n","INSERT [dbo].[UserCalendars] ([UserId], [CalendarId]) VALUES (13, 7)\r\n","INSERT [dbo].[UserCalendars] ([UserId], [CalendarId]) VALUES (14, 7)\r\n","INSERT [dbo].[UserCalendars] ([UserId], [CalendarId]) VALUES (15, 7)\r\n","INSERT [dbo].[UserCalendars] ([UserId], [CalendarId]) VALUES (16, 7)\r\n","INSERT [dbo].[UserCalendars] ([UserId], [CalendarId]) VALUES (17, 7)\r\n","INSERT [dbo].[UserCalendars] ([UserId], [CalendarId]) VALUES (1, 8)\r\n","INSERT [dbo].[UserCalendars] ([UserId], [CalendarId]) VALUES (2, 8)\r\n","INSERT [dbo].[UserCalendars] ([UserId], [CalendarId]) VALUES (3, 8)\r\n","INSERT [dbo].[UserCalendars] ([UserId], [CalendarId]) VALUES (4, 8)\r\n","INSERT [dbo].[UserCalendars] ([UserId], [CalendarId]) VALUES (5, 8)\r\n","INSERT [dbo].[UserCalendars] ([UserId], [CalendarId]) VALUES (6, 8)\r\n","INSERT [dbo].[UserCalendars] ([UserId], [CalendarId]) VALUES (7, 8)\r\n","INSERT [dbo].[UserCalendars] ([UserId], [CalendarId]) VALUES (8, 8)\r\n","INSERT [dbo].[UserCalendars] ([UserId], [CalendarId]) VALUES (9, 8)\r\n","INSERT [dbo].[UserCalendars] ([UserId], [CalendarId]) VALUES (10, 8)\r\n","INSERT [dbo].[UserCalendars] ([UserId], [CalendarId]) VALUES (11, 8)\r\n","INSERT [dbo].[UserCalendars] ([UserId], [CalendarId]) VALUES (12, 8)\r\n","INSERT [dbo].[UserCalendars] ([UserId], [CalendarId]) VALUES (13, 8)\r\n","INSERT [dbo].[UserCalendars] ([UserId], [CalendarId]) VALUES (14, 8)\r\n","INSERT [dbo].[UserCalendars] ([UserId], [CalendarId]) VALUES (15, 8)\r\n","INSERT [dbo].[UserCalendars] ([UserId], [CalendarId]) VALUES (16, 8)\r\n","INSERT [dbo].[UserCalendars] ([UserId], [CalendarId]) VALUES (17, 8)\r\n","INSERT [dbo].[UserCalendars] ([UserId], [CalendarId]) VALUES (1, 9)\r\n","INSERT [dbo].[UserCalendars] ([UserId], [CalendarId]) VALUES (2, 9)\r\n","INSERT [dbo].[UserCalendars] ([UserId], [CalendarId]) VALUES (3, 9)\r\n","INSERT [dbo].[UserCalendars] ([UserId], [CalendarId]) VALUES (4, 9)\r\n","INSERT [dbo].[UserCalendars] ([UserId], [CalendarId]) VALUES (5, 9)\r\n","INSERT [dbo].[UserCalendars] ([UserId], [CalendarId]) VALUES (6, 9)\r\n","INSERT [dbo].[UserCalendars] ([UserId], [CalendarId]) VALUES (7, 9)\r\n","INSERT [dbo].[UserCalendars] ([UserId], [CalendarId]) VALUES (8, 9)\r\n","INSERT [dbo].[UserCalendars] ([UserId], [CalendarId]) VALUES (9, 9)\r\n","INSERT [dbo].[UserCalendars] ([UserId], [CalendarId]) VALUES (10, 9)\r\n","INSERT [dbo].[UserCalendars] ([UserId], [CalendarId]) VALUES (11, 9)\r\n","INSERT [dbo].[UserCalendars] ([UserId], [CalendarId]) VALUES (12, 9)\r\n","INSERT [dbo].[UserCalendars] ([UserId], [CalendarId]) VALUES (13, 9)\r\n","INSERT [dbo].[UserCalendars] ([UserId], [CalendarId]) VALUES (14, 9)\r\n","INSERT [dbo].[UserCalendars] ([UserId], [CalendarId]) VALUES (15, 9)\r\n","INSERT [dbo].[UserCalendars] ([UserId], [CalendarId]) VALUES (16, 9)\r\n","INSERT [dbo].[UserCalendars] ([UserId], [CalendarId]) VALUES (17, 9)\r\n","INSERT [dbo].[UserCalendars] ([UserId], [CalendarId]) VALUES (1, 10)\r\n","INSERT [dbo].[UserCalendars] ([UserId], [CalendarId]) VALUES (2, 10)\r\n","INSERT [dbo].[UserCalendars] ([UserId], [CalendarId]) VALUES (3, 10)\r\n","INSERT [dbo].[UserCalendars] ([UserId], [CalendarId]) VALUES (4, 10)\r\n","INSERT [dbo].[UserCalendars] ([UserId], [CalendarId]) VALUES (5, 10)\r\n","INSERT [dbo].[UserCalendars] ([UserId], [CalendarId]) VALUES (6, 10)\r\n","INSERT [dbo].[UserCalendars] ([UserId], [CalendarId]) VALUES (7, 10)\r\n","INSERT [dbo].[UserCalendars] ([UserId], [CalendarId]) VALUES (8, 10)\r\n","INSERT [dbo].[UserCalendars] ([UserId], [CalendarId]) VALUES (9, 10)\r\n","INSERT [dbo].[UserCalendars] ([UserId], [CalendarId]) VALUES (10, 10)\r\n","INSERT [dbo].[UserCalendars] ([UserId], [CalendarId]) VALUES (11, 10)\r\n","INSERT [dbo].[UserCalendars] ([UserId], [CalendarId]) VALUES (12, 10)\r\n","INSERT [dbo].[UserCalendars] ([UserId], [CalendarId]) VALUES (13, 10)\r\n","INSERT [dbo].[UserCalendars] ([UserId], [CalendarId]) VALUES (14, 10)\r\n","INSERT [dbo].[UserCalendars] ([UserId], [CalendarId]) VALUES (15, 10)\r\n","INSERT [dbo].[UserCalendars] ([UserId], [CalendarId]) VALUES (16, 10)\r\n","INSERT [dbo].[UserCalendars] ([UserId], [CalendarId]) VALUES (17, 10)\r\n","GO\r\n"],"metadata":{"urn":"Server[@Name='DESKTOP-NFCHAKP']/Database[@Name='KitaDB']/Table[@Name='UserCalendars' and @Schema='dbo']","object_type":"Table"}},{"cell_type":"markdown","source":["# [dbo].[UserNotifications]"],"metadata":{"urn":"Server[@Name='DESKTOP-NFCHAKP']/Database[@Name='KitaDB']/Table[@Name='UserNotifications' and @Schema='dbo']","object_type":"Table"}},{"outputs":[],"execution_count":0,"cell_type":"code","source":["INSERT [dbo].[UserNotifications] ([UserId], [NotificationId], [DateRead], [IsDone], [NotificationSent]) VALUES (1, 1, CAST(N'2025-04-28T10:58:19.7939607' AS DateTime2), 0, CAST(N'2025-04-09T14:18:55.9499615' AS DateTime2))\r\n","INSERT [dbo].[UserNotifications] ([UserId], [NotificationId], [DateRead], [IsDone], [NotificationSent]) VALUES (1, 3, CAST(N'2025-04-28T10:58:19.8156502' AS DateTime2), 0, CAST(N'2025-04-09T03:03:09.6662801' AS DateTime2))\r\n","INSERT [dbo].[UserNotifications] ([UserId], [NotificationId], [DateRead], [IsDone], [NotificationSent]) VALUES (4, 1, CAST(N'2025-04-19T11:36:50.1257867' AS DateTime2), 0, NULL)\r\n","INSERT [dbo].[UserNotifications] ([UserId], [NotificationId], [DateRead], [IsDone], [NotificationSent]) VALUES (4, 3, CAST(N'2025-04-19T11:36:50.1258780' AS DateTime2), 0, NULL)\r\n","INSERT [dbo].[UserNotifications] ([UserId], [NotificationId], [DateRead], [IsDone], [NotificationSent]) VALUES (9, 3, CAST(N'2025-04-25T00:50:11.7751886' AS DateTime2), 0, CAST(N'2025-04-09T01:50:46.6809146' AS DateTime2))\r\n","GO\r\n"],"metadata":{"urn":"Server[@Name='DESKTOP-NFCHAKP']/Database[@Name='KitaDB']/Table[@Name='UserNotifications' and @Schema='dbo']","object_type":"Table"}},{"cell_type":"markdown","source":["# [dbo].[UserPhotos]"],"metadata":{"urn":"Server[@Name='DESKTOP-NFCHAKP']/Database[@Name='KitaDB']/Table[@Name='UserPhotos' and @Schema='dbo']","object_type":"Table"}},{"outputs":[],"execution_count":0,"cell_type":"code","source":["SET IDENTITY_INSERT [dbo].[UserPhotos] ON \r\n","INSERT [dbo].[UserPhotos] ([Id], [UserId], [Url], [IsMain], [PublicId], [IsApproved]) VALUES (2, 2, N'https://randomuser.me/api/portraits/men/31.jpg', 1, NULL, 1)\r\n","INSERT [dbo].[UserPhotos] ([Id], [UserId], [Url], [IsMain], [PublicId], [IsApproved]) VALUES (3, 3, N'https://randomuser.me/api/portraits/men/35.jpg', 1, NULL, 1)\r\n","INSERT [dbo].[UserPhotos] ([Id], [UserId], [Url], [IsMain], [PublicId], [IsApproved]) VALUES (4, 4, N'https://randomuser.me/api/portraits/men/24.jpg', 1, NULL, 1)\r\n","INSERT [dbo].[UserPhotos] ([Id], [UserId], [Url], [IsMain], [PublicId], [IsApproved]) VALUES (5, 5, N'https://randomuser.me/api/portraits/men/19.jpg', 1, NULL, 1)\r\n","INSERT [dbo].[UserPhotos] ([Id], [UserId], [Url], [IsMain], [PublicId], [IsApproved]) VALUES (6, 6, N'https://randomuser.me/api/portraits/men/7.jpg', 1, NULL, 1)\r\n","INSERT [dbo].[UserPhotos] ([Id], [UserId], [Url], [IsMain], [PublicId], [IsApproved]) VALUES (7, 7, N'https://randomuser.me/api/portraits/men/2.jpg', 1, NULL, 1)\r\n","INSERT [dbo].[UserPhotos] ([Id], [UserId], [Url], [IsMain], [PublicId], [IsApproved]) VALUES (8, 8, N'https://randomuser.me/api/portraits/men/65.jpg', 1, NULL, 1)\r\n","INSERT [dbo].[UserPhotos] ([Id], [UserId], [Url], [IsMain], [PublicId], [IsApproved]) VALUES (9, 9, N'https://randomuser.me/api/portraits/women/27.jpg', 1, NULL, 1)\r\n","INSERT [dbo].[UserPhotos] ([Id], [UserId], [Url], [IsMain], [PublicId], [IsApproved]) VALUES (10, 10, N'https://randomuser.me/api/portraits/women/21.jpg', 1, NULL, 1)\r\n","INSERT [dbo].[UserPhotos] ([Id], [UserId], [Url], [IsMain], [PublicId], [IsApproved]) VALUES (11, 11, N'https://randomuser.me/api/portraits/women/44.jpg', 1, NULL, 1)\r\n","INSERT [dbo].[UserPhotos] ([Id], [UserId], [Url], [IsMain], [PublicId], [IsApproved]) VALUES (12, 12, N'https://randomuser.me/api/portraits/women/29.jpg', 1, NULL, 1)\r\n","INSERT [dbo].[UserPhotos] ([Id], [UserId], [Url], [IsMain], [PublicId], [IsApproved]) VALUES (13, 13, N'https://randomuser.me/api/portraits/women/27.jpg', 1, NULL, 1)\r\n","INSERT [dbo].[UserPhotos] ([Id], [UserId], [Url], [IsMain], [PublicId], [IsApproved]) VALUES (14, 14, N'https://randomuser.me/api/portraits/women/29.jpg', 1, NULL, 1)\r\n","INSERT [dbo].[UserPhotos] ([Id], [UserId], [Url], [IsMain], [PublicId], [IsApproved]) VALUES (15, 15, N'https://randomuser.me/api/portraits/women/3.jpg', 1, NULL, 1)\r\n","INSERT [dbo].[UserPhotos] ([Id], [UserId], [Url], [IsMain], [PublicId], [IsApproved]) VALUES (16, 16, N'https://randomuser.me/api/portraits/women/97.jpg', 1, NULL, 1)\r\n","INSERT [dbo].[UserPhotos] ([Id], [UserId], [Url], [IsMain], [PublicId], [IsApproved]) VALUES (18, 17, N'https://res.cloudinary.com/dblma7a4a/image/upload/v1743408948/ka-net8/oacetogp7bvuozkmvhln.jpg', 1, N'ka-net8/oacetogp7bvuozkmvhln', 0)\r\n","INSERT [dbo].[UserPhotos] ([Id], [UserId], [Url], [IsMain], [PublicId], [IsApproved]) VALUES (39, 1, N'https://res.cloudinary.com/dblma7a4a/image/upload/v1744418384/ka-net8/nq85ilp6laqvseybmhh9.jpg', 1, N'ka-net8/nq85ilp6laqvseybmhh9', 0)\r\n","SET IDENTITY_INSERT [dbo].[UserPhotos] OFF\r\n","GO\r\n"],"metadata":{"urn":"Server[@Name='DESKTOP-NFCHAKP']/Database[@Name='KitaDB']/Table[@Name='UserPhotos' and @Schema='dbo']","object_type":"Table"}},{"cell_type":"markdown","source":["# [DF__AspNetUse__CanSe__01142BA1]"],"metadata":{"urn":"Server[@Name='DESKTOP-NFCHAKP']/Database[@Name='KitaDB']/Table[@Name='AspNetUsers' and @Schema='dbo']/Column[@Name='CanSendMessages']/Default[@Name='DF__AspNetUse__CanSe__01142BA1']","object_type":"Default"}},{"outputs":[],"execution_count":0,"cell_type":"code","source":["ALTER TABLE [dbo].[AspNetUsers] ADD  DEFAULT (CONVERT([bit],(0))) FOR [CanSendMessages]\r\n","GO\r\n"],"metadata":{"urn":"Server[@Name='DESKTOP-NFCHAKP']/Database[@Name='KitaDB']/Table[@Name='AspNetUsers' and @Schema='dbo']/Column[@Name='CanSendMessages']/Default[@Name='DF__AspNetUse__CanSe__01142BA1']","object_type":"Default"}},{"cell_type":"markdown","source":["# [DF__UserNotif__IsDon__151B244E]"],"metadata":{"urn":"Server[@Name='DESKTOP-NFCHAKP']/Database[@Name='KitaDB']/Table[@Name='UserNotifications' and @Schema='dbo']/Column[@Name='IsDone']/Default[@Name='DF__UserNotif__IsDon__151B244E']","object_type":"Default"}},{"outputs":[],"execution_count":0,"cell_type":"code","source":["ALTER TABLE [dbo].[UserNotifications] ADD  DEFAULT (CONVERT([bit],(0))) FOR [IsDone]\r\n","GO\r\n"],"metadata":{"urn":"Server[@Name='DESKTOP-NFCHAKP']/Database[@Name='KitaDB']/Table[@Name='UserNotifications' and @Schema='dbo']/Column[@Name='IsDone']/Default[@Name='DF__UserNotif__IsDon__151B244E']","object_type":"Default"}},{"cell_type":"markdown","source":["# [FK_Addresses_AspNetUsers_UserId]"],"metadata":{"urn":"Server[@Name='DESKTOP-NFCHAKP']/Database[@Name='KitaDB']/Table[@Name='Addresses' and @Schema='dbo']/ForeignKey[@Name='FK_Addresses_AspNetUsers_UserId']","object_type":"ForeignKey"}},{"outputs":[],"execution_count":0,"cell_type":"code","source":["ALTER TABLE [dbo].[Addresses]  WITH CHECK ADD  CONSTRAINT [FK_Addresses_AspNetUsers_UserId] FOREIGN KEY([UserId])\r\nREFERENCES [dbo].[AspNetUsers] ([Id])\r\nON DELETE CASCADE\r\n","GO\r\n","ALTER TABLE [dbo].[Addresses] CHECK CONSTRAINT [FK_Addresses_AspNetUsers_UserId]\r\n","GO\r\n"],"metadata":{"urn":"Server[@Name='DESKTOP-NFCHAKP']/Database[@Name='KitaDB']/Table[@Name='Addresses' and @Schema='dbo']/ForeignKey[@Name='FK_Addresses_AspNetUsers_UserId']","object_type":"ForeignKey"}},{"cell_type":"markdown","source":["# [FK_AspNetRoleClaims_AspNetRoles_RoleId]"],"metadata":{"urn":"Server[@Name='DESKTOP-NFCHAKP']/Database[@Name='KitaDB']/Table[@Name='AspNetRoleClaims' and @Schema='dbo']/ForeignKey[@Name='FK_AspNetRoleClaims_AspNetRoles_RoleId']","object_type":"ForeignKey"}},{"outputs":[],"execution_count":0,"cell_type":"code","source":["ALTER TABLE [dbo].[AspNetRoleClaims]  WITH CHECK ADD  CONSTRAINT [FK_AspNetRoleClaims_AspNetRoles_RoleId] FOREIGN KEY([RoleId])\r\nREFERENCES [dbo].[AspNetRoles] ([Id])\r\nON DELETE CASCADE\r\n","GO\r\n","ALTER TABLE [dbo].[AspNetRoleClaims] CHECK CONSTRAINT [FK_AspNetRoleClaims_AspNetRoles_RoleId]\r\n","GO\r\n"],"metadata":{"urn":"Server[@Name='DESKTOP-NFCHAKP']/Database[@Name='KitaDB']/Table[@Name='AspNetRoleClaims' and @Schema='dbo']/ForeignKey[@Name='FK_AspNetRoleClaims_AspNetRoles_RoleId']","object_type":"ForeignKey"}},{"cell_type":"markdown","source":["# [FK_AspNetUserClaims_AspNetUsers_UserId]"],"metadata":{"urn":"Server[@Name='DESKTOP-NFCHAKP']/Database[@Name='KitaDB']/Table[@Name='AspNetUserClaims' and @Schema='dbo']/ForeignKey[@Name='FK_AspNetUserClaims_AspNetUsers_UserId']","object_type":"ForeignKey"}},{"outputs":[],"execution_count":0,"cell_type":"code","source":["ALTER TABLE [dbo].[AspNetUserClaims]  WITH CHECK ADD  CONSTRAINT [FK_AspNetUserClaims_AspNetUsers_UserId] FOREIGN KEY([UserId])\r\nREFERENCES [dbo].[AspNetUsers] ([Id])\r\nON DELETE CASCADE\r\n","GO\r\n","ALTER TABLE [dbo].[AspNetUserClaims] CHECK CONSTRAINT [FK_AspNetUserClaims_AspNetUsers_UserId]\r\n","GO\r\n"],"metadata":{"urn":"Server[@Name='DESKTOP-NFCHAKP']/Database[@Name='KitaDB']/Table[@Name='AspNetUserClaims' and @Schema='dbo']/ForeignKey[@Name='FK_AspNetUserClaims_AspNetUsers_UserId']","object_type":"ForeignKey"}},{"cell_type":"markdown","source":["# [FK_AspNetUserLogins_AspNetUsers_UserId]"],"metadata":{"urn":"Server[@Name='DESKTOP-NFCHAKP']/Database[@Name='KitaDB']/Table[@Name='AspNetUserLogins' and @Schema='dbo']/ForeignKey[@Name='FK_AspNetUserLogins_AspNetUsers_UserId']","object_type":"ForeignKey"}},{"outputs":[],"execution_count":0,"cell_type":"code","source":["ALTER TABLE [dbo].[AspNetUserLogins]  WITH CHECK ADD  CONSTRAINT [FK_AspNetUserLogins_AspNetUsers_UserId] FOREIGN KEY([UserId])\r\nREFERENCES [dbo].[AspNetUsers] ([Id])\r\nON DELETE CASCADE\r\n","GO\r\n","ALTER TABLE [dbo].[AspNetUserLogins] CHECK CONSTRAINT [FK_AspNetUserLogins_AspNetUsers_UserId]\r\n","GO\r\n"],"metadata":{"urn":"Server[@Name='DESKTOP-NFCHAKP']/Database[@Name='KitaDB']/Table[@Name='AspNetUserLogins' and @Schema='dbo']/ForeignKey[@Name='FK_AspNetUserLogins_AspNetUsers_UserId']","object_type":"ForeignKey"}},{"cell_type":"markdown","source":["# [FK_AspNetUserRoles_AspNetRoles_RoleId]"],"metadata":{"urn":"Server[@Name='DESKTOP-NFCHAKP']/Database[@Name='KitaDB']/Table[@Name='AspNetUserRoles' and @Schema='dbo']/ForeignKey[@Name='FK_AspNetUserRoles_AspNetRoles_RoleId']","object_type":"ForeignKey"}},{"outputs":[],"execution_count":0,"cell_type":"code","source":["ALTER TABLE [dbo].[AspNetUserRoles]  WITH CHECK ADD  CONSTRAINT [FK_AspNetUserRoles_AspNetRoles_RoleId] FOREIGN KEY([RoleId])\r\nREFERENCES [dbo].[AspNetRoles] ([Id])\r\nON DELETE CASCADE\r\n","GO\r\n","ALTER TABLE [dbo].[AspNetUserRoles] CHECK CONSTRAINT [FK_AspNetUserRoles_AspNetRoles_RoleId]\r\n","GO\r\n"],"metadata":{"urn":"Server[@Name='DESKTOP-NFCHAKP']/Database[@Name='KitaDB']/Table[@Name='AspNetUserRoles' and @Schema='dbo']/ForeignKey[@Name='FK_AspNetUserRoles_AspNetRoles_RoleId']","object_type":"ForeignKey"}},{"cell_type":"markdown","source":["# [FK_AspNetUserRoles_AspNetUsers_UserId]"],"metadata":{"urn":"Server[@Name='DESKTOP-NFCHAKP']/Database[@Name='KitaDB']/Table[@Name='AspNetUserRoles' and @Schema='dbo']/ForeignKey[@Name='FK_AspNetUserRoles_AspNetUsers_UserId']","object_type":"ForeignKey"}},{"outputs":[],"execution_count":0,"cell_type":"code","source":["ALTER TABLE [dbo].[AspNetUserRoles]  WITH CHECK ADD  CONSTRAINT [FK_AspNetUserRoles_AspNetUsers_UserId] FOREIGN KEY([UserId])\r\nREFERENCES [dbo].[AspNetUsers] ([Id])\r\nON DELETE CASCADE\r\n","GO\r\n","ALTER TABLE [dbo].[AspNetUserRoles] CHECK CONSTRAINT [FK_AspNetUserRoles_AspNetUsers_UserId]\r\n","GO\r\n"],"metadata":{"urn":"Server[@Name='DESKTOP-NFCHAKP']/Database[@Name='KitaDB']/Table[@Name='AspNetUserRoles' and @Schema='dbo']/ForeignKey[@Name='FK_AspNetUserRoles_AspNetUsers_UserId']","object_type":"ForeignKey"}},{"cell_type":"markdown","source":["# [FK_AspNetUsers_Tutors_TutorId]"],"metadata":{"urn":"Server[@Name='DESKTOP-NFCHAKP']/Database[@Name='KitaDB']/Table[@Name='AspNetUsers' and @Schema='dbo']/ForeignKey[@Name='FK_AspNetUsers_Tutors_TutorId']","object_type":"ForeignKey"}},{"outputs":[],"execution_count":0,"cell_type":"code","source":["ALTER TABLE [dbo].[AspNetUsers]  WITH CHECK ADD  CONSTRAINT [FK_AspNetUsers_Tutors_TutorId] FOREIGN KEY([TutorId])\r\nREFERENCES [dbo].[Tutors] ([Id])\r\n","GO\r\n","ALTER TABLE [dbo].[AspNetUsers] CHECK CONSTRAINT [FK_AspNetUsers_Tutors_TutorId]\r\n","GO\r\n"],"metadata":{"urn":"Server[@Name='DESKTOP-NFCHAKP']/Database[@Name='KitaDB']/Table[@Name='AspNetUsers' and @Schema='dbo']/ForeignKey[@Name='FK_AspNetUsers_Tutors_TutorId']","object_type":"ForeignKey"}},{"cell_type":"markdown","source":["# [FK_AspNetUserTokens_AspNetUsers_UserId]"],"metadata":{"urn":"Server[@Name='DESKTOP-NFCHAKP']/Database[@Name='KitaDB']/Table[@Name='AspNetUserTokens' and @Schema='dbo']/ForeignKey[@Name='FK_AspNetUserTokens_AspNetUsers_UserId']","object_type":"ForeignKey"}},{"outputs":[],"execution_count":0,"cell_type":"code","source":["ALTER TABLE [dbo].[AspNetUserTokens]  WITH CHECK ADD  CONSTRAINT [FK_AspNetUserTokens_AspNetUsers_UserId] FOREIGN KEY([UserId])\r\nREFERENCES [dbo].[AspNetUsers] ([Id])\r\nON DELETE CASCADE\r\n","GO\r\n","ALTER TABLE [dbo].[AspNetUserTokens] CHECK CONSTRAINT [FK_AspNetUserTokens_AspNetUsers_UserId]\r\n","GO\r\n"],"metadata":{"urn":"Server[@Name='DESKTOP-NFCHAKP']/Database[@Name='KitaDB']/Table[@Name='AspNetUserTokens' and @Schema='dbo']/ForeignKey[@Name='FK_AspNetUserTokens_AspNetUsers_UserId']","object_type":"ForeignKey"}},{"cell_type":"markdown","source":["# [FK_Connections_Groups_GroupName]"],"metadata":{"urn":"Server[@Name='DESKTOP-NFCHAKP']/Database[@Name='KitaDB']/Table[@Name='Connections' and @Schema='dbo']/ForeignKey[@Name='FK_Connections_Groups_GroupName']","object_type":"ForeignKey"}},{"outputs":[],"execution_count":0,"cell_type":"code","source":["ALTER TABLE [dbo].[Connections]  WITH CHECK ADD  CONSTRAINT [FK_Connections_Groups_GroupName] FOREIGN KEY([GroupName])\r\nREFERENCES [dbo].[Groups] ([Name])\r\n","GO\r\n","ALTER TABLE [dbo].[Connections] CHECK CONSTRAINT [FK_Connections_Groups_GroupName]\r\n","GO\r\n"],"metadata":{"urn":"Server[@Name='DESKTOP-NFCHAKP']/Database[@Name='KitaDB']/Table[@Name='Connections' and @Schema='dbo']/ForeignKey[@Name='FK_Connections_Groups_GroupName']","object_type":"ForeignKey"}},{"cell_type":"markdown","source":["# [FK_FamilyMemberPhotos_FamilyMembers_FamilyMemberId]"],"metadata":{"urn":"Server[@Name='DESKTOP-NFCHAKP']/Database[@Name='KitaDB']/Table[@Name='FamilyMemberPhotos' and @Schema='dbo']/ForeignKey[@Name='FK_FamilyMemberPhotos_FamilyMembers_FamilyMemberId']","object_type":"ForeignKey"}},{"outputs":[],"execution_count":0,"cell_type":"code","source":["ALTER TABLE [dbo].[FamilyMemberPhotos]  WITH CHECK ADD  CONSTRAINT [FK_FamilyMemberPhotos_FamilyMembers_FamilyMemberId] FOREIGN KEY([FamilyMemberId])\r\nREFERENCES [dbo].[FamilyMembers] ([Id])\r\nON DELETE CASCADE\r\n","GO\r\n","ALTER TABLE [dbo].[FamilyMemberPhotos] CHECK CONSTRAINT [FK_FamilyMemberPhotos_FamilyMembers_FamilyMemberId]\r\n","GO\r\n"],"metadata":{"urn":"Server[@Name='DESKTOP-NFCHAKP']/Database[@Name='KitaDB']/Table[@Name='FamilyMemberPhotos' and @Schema='dbo']/ForeignKey[@Name='FK_FamilyMemberPhotos_FamilyMembers_FamilyMemberId']","object_type":"ForeignKey"}},{"cell_type":"markdown","source":["# [FK_FamilyMembers_AspNetUsers_UserId]"],"metadata":{"urn":"Server[@Name='DESKTOP-NFCHAKP']/Database[@Name='KitaDB']/Table[@Name='FamilyMembers' and @Schema='dbo']/ForeignKey[@Name='FK_FamilyMembers_AspNetUsers_UserId']","object_type":"ForeignKey"}},{"outputs":[],"execution_count":0,"cell_type":"code","source":["ALTER TABLE [dbo].[FamilyMembers]  WITH CHECK ADD  CONSTRAINT [FK_FamilyMembers_AspNetUsers_UserId] FOREIGN KEY([UserId])\r\nREFERENCES [dbo].[AspNetUsers] ([Id])\r\nON DELETE CASCADE\r\n","GO\r\n","ALTER TABLE [dbo].[FamilyMembers] CHECK CONSTRAINT [FK_FamilyMembers_AspNetUsers_UserId]\r\n","GO\r\n"],"metadata":{"urn":"Server[@Name='DESKTOP-NFCHAKP']/Database[@Name='KitaDB']/Table[@Name='FamilyMembers' and @Schema='dbo']/ForeignKey[@Name='FK_FamilyMembers_AspNetUsers_UserId']","object_type":"ForeignKey"}},{"cell_type":"markdown","source":["# [FK_MenuPhotos_Menus_MenuId]"],"metadata":{"urn":"Server[@Name='DESKTOP-NFCHAKP']/Database[@Name='KitaDB']/Table[@Name='MenuPhotos' and @Schema='dbo']/ForeignKey[@Name='FK_MenuPhotos_Menus_MenuId']","object_type":"ForeignKey"}},{"outputs":[],"execution_count":0,"cell_type":"code","source":["ALTER TABLE [dbo].[MenuPhotos]  WITH CHECK ADD  CONSTRAINT [FK_MenuPhotos_Menus_MenuId] FOREIGN KEY([MenuId])\r\nREFERENCES [dbo].[Menus] ([Id])\r\nON DELETE CASCADE\r\n","GO\r\n","ALTER TABLE [dbo].[MenuPhotos] CHECK CONSTRAINT [FK_MenuPhotos_Menus_MenuId]\r\n","GO\r\n"],"metadata":{"urn":"Server[@Name='DESKTOP-NFCHAKP']/Database[@Name='KitaDB']/Table[@Name='MenuPhotos' and @Schema='dbo']/ForeignKey[@Name='FK_MenuPhotos_Menus_MenuId']","object_type":"ForeignKey"}},{"cell_type":"markdown","source":["# [FK_Messages_AspNetUsers_RecipientId]"],"metadata":{"urn":"Server[@Name='DESKTOP-NFCHAKP']/Database[@Name='KitaDB']/Table[@Name='Messages' and @Schema='dbo']/ForeignKey[@Name='FK_Messages_AspNetUsers_RecipientId']","object_type":"ForeignKey"}},{"outputs":[],"execution_count":0,"cell_type":"code","source":["ALTER TABLE [dbo].[Messages]  WITH CHECK ADD  CONSTRAINT [FK_Messages_AspNetUsers_RecipientId] FOREIGN KEY([RecipientId])\r\nREFERENCES [dbo].[AspNetUsers] ([Id])\r\n","GO\r\n","ALTER TABLE [dbo].[Messages] CHECK CONSTRAINT [FK_Messages_AspNetUsers_RecipientId]\r\n","GO\r\n"],"metadata":{"urn":"Server[@Name='DESKTOP-NFCHAKP']/Database[@Name='KitaDB']/Table[@Name='Messages' and @Schema='dbo']/ForeignKey[@Name='FK_Messages_AspNetUsers_RecipientId']","object_type":"ForeignKey"}},{"cell_type":"markdown","source":["# [FK_Messages_AspNetUsers_SenderId]"],"metadata":{"urn":"Server[@Name='DESKTOP-NFCHAKP']/Database[@Name='KitaDB']/Table[@Name='Messages' and @Schema='dbo']/ForeignKey[@Name='FK_Messages_AspNetUsers_SenderId']","object_type":"ForeignKey"}},{"outputs":[],"execution_count":0,"cell_type":"code","source":["ALTER TABLE [dbo].[Messages]  WITH CHECK ADD  CONSTRAINT [FK_Messages_AspNetUsers_SenderId] FOREIGN KEY([SenderId])\r\nREFERENCES [dbo].[AspNetUsers] ([Id])\r\n","GO\r\n","ALTER TABLE [dbo].[Messages] CHECK CONSTRAINT [FK_Messages_AspNetUsers_SenderId]\r\n","GO\r\n"],"metadata":{"urn":"Server[@Name='DESKTOP-NFCHAKP']/Database[@Name='KitaDB']/Table[@Name='Messages' and @Schema='dbo']/ForeignKey[@Name='FK_Messages_AspNetUsers_SenderId']","object_type":"ForeignKey"}},{"cell_type":"markdown","source":["# [FK_TutorPhotos_Tutors_TutorId]"],"metadata":{"urn":"Server[@Name='DESKTOP-NFCHAKP']/Database[@Name='KitaDB']/Table[@Name='TutorPhotos' and @Schema='dbo']/ForeignKey[@Name='FK_TutorPhotos_Tutors_TutorId']","object_type":"ForeignKey"}},{"outputs":[],"execution_count":0,"cell_type":"code","source":["ALTER TABLE [dbo].[TutorPhotos]  WITH CHECK ADD  CONSTRAINT [FK_TutorPhotos_Tutors_TutorId] FOREIGN KEY([TutorId])\r\nREFERENCES [dbo].[Tutors] ([Id])\r\nON DELETE CASCADE\r\n","GO\r\n","ALTER TABLE [dbo].[TutorPhotos] CHECK CONSTRAINT [FK_TutorPhotos_Tutors_TutorId]\r\n","GO\r\n"],"metadata":{"urn":"Server[@Name='DESKTOP-NFCHAKP']/Database[@Name='KitaDB']/Table[@Name='TutorPhotos' and @Schema='dbo']/ForeignKey[@Name='FK_TutorPhotos_Tutors_TutorId']","object_type":"ForeignKey"}},{"cell_type":"markdown","source":["# [FK_UserCalendars_AspNetUsers_UserId]"],"metadata":{"urn":"Server[@Name='DESKTOP-NFCHAKP']/Database[@Name='KitaDB']/Table[@Name='UserCalendars' and @Schema='dbo']/ForeignKey[@Name='FK_UserCalendars_AspNetUsers_UserId']","object_type":"ForeignKey"}},{"outputs":[],"execution_count":0,"cell_type":"code","source":["ALTER TABLE [dbo].[UserCalendars]  WITH CHECK ADD  CONSTRAINT [FK_UserCalendars_AspNetUsers_UserId] FOREIGN KEY([UserId])\r\nREFERENCES [dbo].[AspNetUsers] ([Id])\r\nON DELETE CASCADE\r\n","GO\r\n","ALTER TABLE [dbo].[UserCalendars] CHECK CONSTRAINT [FK_UserCalendars_AspNetUsers_UserId]\r\n","GO\r\n"],"metadata":{"urn":"Server[@Name='DESKTOP-NFCHAKP']/Database[@Name='KitaDB']/Table[@Name='UserCalendars' and @Schema='dbo']/ForeignKey[@Name='FK_UserCalendars_AspNetUsers_UserId']","object_type":"ForeignKey"}},{"cell_type":"markdown","source":["# [FK_UserCalendars_Calendars_CalendarId]"],"metadata":{"urn":"Server[@Name='DESKTOP-NFCHAKP']/Database[@Name='KitaDB']/Table[@Name='UserCalendars' and @Schema='dbo']/ForeignKey[@Name='FK_UserCalendars_Calendars_CalendarId']","object_type":"ForeignKey"}},{"outputs":[],"execution_count":0,"cell_type":"code","source":["ALTER TABLE [dbo].[UserCalendars]  WITH CHECK ADD  CONSTRAINT [FK_UserCalendars_Calendars_CalendarId] FOREIGN KEY([CalendarId])\r\nREFERENCES [dbo].[Calendars] ([Id])\r\nON DELETE CASCADE\r\n","GO\r\n","ALTER TABLE [dbo].[UserCalendars] CHECK CONSTRAINT [FK_UserCalendars_Calendars_CalendarId]\r\n","GO\r\n"],"metadata":{"urn":"Server[@Name='DESKTOP-NFCHAKP']/Database[@Name='KitaDB']/Table[@Name='UserCalendars' and @Schema='dbo']/ForeignKey[@Name='FK_UserCalendars_Calendars_CalendarId']","object_type":"ForeignKey"}},{"cell_type":"markdown","source":["# [FK_UserNotifications_AspNetUsers_UserId]"],"metadata":{"urn":"Server[@Name='DESKTOP-NFCHAKP']/Database[@Name='KitaDB']/Table[@Name='UserNotifications' and @Schema='dbo']/ForeignKey[@Name='FK_UserNotifications_AspNetUsers_UserId']","object_type":"ForeignKey"}},{"outputs":[],"execution_count":0,"cell_type":"code","source":["ALTER TABLE [dbo].[UserNotifications]  WITH CHECK ADD  CONSTRAINT [FK_UserNotifications_AspNetUsers_UserId] FOREIGN KEY([UserId])\r\nREFERENCES [dbo].[AspNetUsers] ([Id])\r\nON DELETE CASCADE\r\n","GO\r\n","ALTER TABLE [dbo].[UserNotifications] CHECK CONSTRAINT [FK_UserNotifications_AspNetUsers_UserId]\r\n","GO\r\n"],"metadata":{"urn":"Server[@Name='DESKTOP-NFCHAKP']/Database[@Name='KitaDB']/Table[@Name='UserNotifications' and @Schema='dbo']/ForeignKey[@Name='FK_UserNotifications_AspNetUsers_UserId']","object_type":"ForeignKey"}},{"cell_type":"markdown","source":["# [FK_UserNotifications_Notifications_NotificationId]"],"metadata":{"urn":"Server[@Name='DESKTOP-NFCHAKP']/Database[@Name='KitaDB']/Table[@Name='UserNotifications' and @Schema='dbo']/ForeignKey[@Name='FK_UserNotifications_Notifications_NotificationId']","object_type":"ForeignKey"}},{"outputs":[],"execution_count":0,"cell_type":"code","source":["ALTER TABLE [dbo].[UserNotifications]  WITH CHECK ADD  CONSTRAINT [FK_UserNotifications_Notifications_NotificationId] FOREIGN KEY([NotificationId])\r\nREFERENCES [dbo].[Notifications] ([Id])\r\n","GO\r\n","ALTER TABLE [dbo].[UserNotifications] CHECK CONSTRAINT [FK_UserNotifications_Notifications_NotificationId]\r\n","GO\r\n"],"metadata":{"urn":"Server[@Name='DESKTOP-NFCHAKP']/Database[@Name='KitaDB']/Table[@Name='UserNotifications' and @Schema='dbo']/ForeignKey[@Name='FK_UserNotifications_Notifications_NotificationId']","object_type":"ForeignKey"}},{"cell_type":"markdown","source":["# [FK_UserPhotos_AspNetUsers_UserId]"],"metadata":{"urn":"Server[@Name='DESKTOP-NFCHAKP']/Database[@Name='KitaDB']/Table[@Name='UserPhotos' and @Schema='dbo']/ForeignKey[@Name='FK_UserPhotos_AspNetUsers_UserId']","object_type":"ForeignKey"}},{"outputs":[],"execution_count":0,"cell_type":"code","source":["ALTER TABLE [dbo].[UserPhotos]  WITH CHECK ADD  CONSTRAINT [FK_UserPhotos_AspNetUsers_UserId] FOREIGN KEY([UserId])\r\nREFERENCES [dbo].[AspNetUsers] ([Id])\r\nON DELETE CASCADE\r\n","GO\r\n","ALTER TABLE [dbo].[UserPhotos] CHECK CONSTRAINT [FK_UserPhotos_AspNetUsers_UserId]\r\n","GO\r\n"],"metadata":{"urn":"Server[@Name='DESKTOP-NFCHAKP']/Database[@Name='KitaDB']/Table[@Name='UserPhotos' and @Schema='dbo']/ForeignKey[@Name='FK_UserPhotos_AspNetUsers_UserId']","object_type":"ForeignKey"}}]}